run_id,condition,bot,replication,session,infoset,p,n
SM-station-r1,SM,Station,1,0,J1/C2/ouverture,0.7727272727272727,22
SM-station-r1,SM,Station,1,0,J2/C0/apres_check,0.14285714285714285,21
SM-station-r1,SM,Station,1,0,J2/C2/apres_check,0.5,28
SM-station-r1,SM,Station,1,0,J1/C1/ouverture,0.4782608695652174,23
SM-station-r1,SM,Station,1,0,J2/C1/apres_check,0.15384615384615385,26
SM-station-r1,SM,Station,1,0,J1/C0/ouverture,0.26666666666666666,30
SM-station-r1,SM,Station,1,1,J1/C0/ouverture,0.36,25
SM-station-r1,SM,Station,1,1,J2/C1/apres_check,0.35,20
SM-station-r1,SM,Station,1,1,J1/C1/ouverture,0.52,25
SM-station-r1,SM,Station,1,1,J2/C0/apres_check,0.12,25
SM-station-r1,SM,Station,1,1,J2/C2/apres_check,0.43333333333333335,30
SM-station-r1,SM,Station,1,1,J1/C2/ouverture,0.56,25
SM-station-r1,SM,Station,1,2,J1/C0/ouverture,0.28,25
SM-station-r1,SM,Station,1,2,J2/C0/apres_check,0.2727272727272727,33
SM-station-r1,SM,Station,1,2,J1/C1/ouverture,0.6153846153846154,26
SM-station-r1,SM,Station,1,2,J2/C1/apres_check,0.08333333333333333,12
SM-station-r1,SM,Station,1,2,J1/C2/ouverture,0.5,24
SM-station-r1,SM,Station,1,2,J2/C2/apres_check,0.4666666666666667,30
AE-station-r3,AE,Station,3,0,J1/C0/ouverture,0.4782608695652174,23
AE-station-r3,AE,Station,3,0,J2/C1/apres_check,0.2962962962962963,27
AE-station-r3,AE,Station,3,0,J1/C1/ouverture,0.5217391304347826,23
AE-station-r3,AE,Station,3,0,J2/C2/apres_check,0.631578947368421,19
AE-station-r3,AE,Station,3,0,J2/C0/apres_check,0.06896551724137931,29
AE-station-r3,AE,Station,3,0,J1/C2/ouverture,0.6896551724137931,29
AE-station-r3,AE,Station,3,1,J1/C1/ouverture,0.0,25
AE-station-r3,AE,Station,3,1,J2/C0/apres_check,0.0,26
AE-station-r3,AE,Station,3,1,J2/C2/apres_check,1.0,30
AE-station-r3,AE,Station,3,1,J1/C0/ouverture,0.0,29
AE-station-r3,AE,Station,3,1,J2/C1/apres_check,0.0,19
AE-station-r3,AE,Station,3,1,J1/C2/ouverture,1.0,21
AE-station-r3,AE,Station,3,2,J1/C1/ouverture,0.0,31
AE-station-r3,AE,Station,3,2,J2/C0/apres_check,0.0,24
AE-station-r3,AE,Station,3,2,J1/C0/ouverture,0.0,23
AE-station-r3,AE,Station,3,2,J2/C1/apres_check,0.0,25
AE-station-r3,AE,Station,3,2,J2/C2/apres_check,1.0,26
AE-station-r3,AE,Station,3,2,J1/C2/ouverture,1.0,21
AE-station-r3,AE,Station,3,3,J1/C2/ouverture,1.0,35
AE-station-r3,AE,Station,3,3,J2/C0/apres_check,0.0,27
AE-station-r3,AE,Station,3,3,J1/C0/ouverture,0.0,18
AE-station-r3,AE,Station,3,3,J2/C2/apres_check,1.0,24
AE-station-r3,AE,Station,3,3,J2/C1/apres_check,0.0,24
AE-station-r3,AE,Station,3,3,J1/C1/ouverture,0.0,22
AE-station-r3,AE,Station,3,4,J1/C2/ouverture,1.0,24
AE-station-r3,AE,Station,3,4,J2/C0/apres_check,0.0,36
AE-station-r3,AE,Station,3,4,J1/C1/ouverture,0.0,26
AE-station-r3,AE,Station,3,4,J2/C2/apres_check,1.0,22
AE-station-r3,AE,Station,3,4,J2/C1/apres_check,0.0,17
AE-station-r3,AE,Station,3,4,J1/C0/ouverture,0.0,25
AE-station-r3,AE,Station,3,5,J1/C1/ouverture,0.0,24
AE-station-r3,AE,Station,3,5,J2/C2/apres_check,1.0,25
AE-station-r3,AE,Station,3,5,J1/C0/ouverture,0.0,21
AE-station-r3,AE,Station,3,5,J2/C0/apres_check,0.0,26
AE-station-r3,AE,Station,3,5,J1/C2/ouverture,1.0,30
AE-station-r3,AE,Station,3,5,J2/C1/apres_check,0.0,24
AE-station-r3,AE,Station,3,6,J1/C2/ouverture,1.0,29
AE-station-r3,AE,Station,3,6,J2/C0/apres_check,0.02857142857142857,35
AE-station-r3,AE,Station,3,6,J1/C0/ouverture,0.0,25
AE-station-r3,AE,Station,3,6,J2/C1/apres_check,0.047619047619047616,21
AE-station-r3,AE,Station,3,6,J1/C1/ouverture,0.047619047619047616,21
AE-station-r3,AE,Station,3,6,J2/C2/apres_check,1.0,19
AE-station-r3,AE,Station,3,7,J1/C0/ouverture,0.0,28
AE-station-r3,AE,Station,3,7,J2/C1/apres_check,0.9130434782608695,23
AE-station-r3,AE,Station,3,7,J2/C0/apres_check,0.0,26
AE-station-r3,AE,Station,3,7,J1/C2/ouverture,1.0,24
AE-station-r3,AE,Station,3,7,J1/C1/ouverture,0.8695652173913043,23
AE-station-r3,AE,Station,3,7,J2/C2/apres_check,1.0,26
AE-station-r3,AE,Station,3,8,J1/C1/ouverture,0.5769230769230769,26
AE-station-r3,AE,Station,3,8,J2/C0/apres_check,0.0,22
AE-station-r3,AE,Station,3,8,J2/C2/apres_check,1.0,21
AE-station-r3,AE,Station,3,8,J1/C2/ouverture,1.0,25
AE-station-r3,AE,Station,3,8,J2/C1/apres_check,0.625,32
AE-station-r3,AE,Station,3,8,J1/C0/ouverture,0.0,24
AE-station-r3,AE,Station,3,9,J1/C1/ouverture,0.0,27
AE-station-r3,AE,Station,3,9,J2/C1/apres_check,0.08333333333333333,24
AE-station-r3,AE,Station,3,9,J2/C0/apres_check,0.0,27
AE-station-r3,AE,Station,3,9,J1/C2/ouverture,1.0,25
AE-station-r3,AE,Station,3,9,J2/C2/apres_check,1.0,24
AE-station-r3,AE,Station,3,9,J1/C0/ouverture,0.0,23
AE-station-r1,AE,Station,1,0,J1/C2/ouverture,0.6363636363636364,22
AE-station-r1,AE,Station,1,0,J2/C0/apres_check,0.23809523809523808,21
AE-station-r1,AE,Station,1,0,J2/C2/apres_check,0.39285714285714285,28
AE-station-r1,AE,Station,1,0,J1/C1/ouverture,0.2608695652173913,23
AE-station-r1,AE,Station,1,0,J2/C1/apres_check,0.2692307692307692,26
AE-station-r1,AE,Station,1,0,J1/C0/ouverture,0.3,30
AE-station-r1,AE,Station,1,1,J1/C0/ouverture,0.0,25
AE-station-r1,AE,Station,1,1,J2/C1/apres_check,0.05,20
AE-station-r1,AE,Station,1,1,J1/C1/ouverture,0.0,25
AE-station-r1,AE,Station,1,1,J2/C0/apres_check,0.0,25
AE-station-r1,AE,Station,1,1,J2/C2/apres_check,1.0,30
AE-station-r1,AE,Station,1,1,J1/C2/ouverture,1.0,25
AE-station-r1,AE,Station,1,2,J1/C0/ouverture,0.0,25
AE-station-r1,AE,Station,1,2,J2/C0/apres_check,0.0,33
AE-station-r1,AE,Station,1,2,J1/C1/ouverture,0.0,26
AE-station-r1,AE,Station,1,2,J2/C1/apres_check,0.0,12
AE-station-r1,AE,Station,1,2,J1/C2/ouverture,1.0,24
AE-station-r1,AE,Station,1,2,J2/C2/apres_check,1.0,30
AE-station-r1,AE,Station,1,3,J1/C2/ouverture,1.0,27
AE-station-r1,AE,Station,1,3,J2/C2/apres_check,1.0,25
AE-station-r1,AE,Station,1,3,J1/C0/ouverture,0.0,24
AE-station-r1,AE,Station,1,3,J2/C1/apres_check,0.0,24
AE-station-r1,AE,Station,1,3,J1/C1/ouverture,0.0,24
AE-station-r1,AE,Station,1,3,J2/C0/apres_check,0.0,26
AE-station-r1,AE,Station,1,4,J1/C2/ouverture,1.0,26
AE-station-r1,AE,Station,1,4,J2/C0/apres_check,0.0,29
AE-station-r1,AE,Station,1,4,J1/C0/ouverture,0.0,24
AE-station-r1,AE,Station,1,4,J2/C2/apres_check,1.0,20
AE-station-r1,AE,Station,1,4,J1/C1/ouverture,0.0,25
AE-station-r1,AE,Station,1,4,J2/C1/apres_check,0.0,26
AE-station-r1,AE,Station,1,5,J1/C2/ouverture,1.0,23
AE-station-r1,AE,Station,1,5,J2/C1/apres_check,0.0,27
AE-station-r1,AE,Station,1,5,J1/C1/ouverture,0.0,25
AE-station-r1,AE,Station,1,5,J1/C0/ouverture,0.0,27
AE-station-r1,AE,Station,1,5,J2/C2/apres_check,1.0,25
AE-station-r1,AE,Station,1,5,J2/C0/apres_check,0.0,23
AE-station-r1,AE,Station,1,6,J1/C0/ouverture,0.0,25
AE-station-r1,AE,Station,1,6,J2/C2/apres_check,1.0,21
AE-station-r1,AE,Station,1,6,J2/C0/apres_check,0.0,32
AE-station-r1,AE,Station,1,6,J1/C2/ouverture,1.0,25
AE-station-r1,AE,Station,1,6,J1/C1/ouverture,0.0,25
AE-station-r1,AE,Station,1,6,J2/C1/apres_check,0.0,22
AE-station-r1,AE,Station,1,7,J1/C0/ouverture,0.0,29
AE-station-r1,AE,Station,1,7,J2/C1/apres_check,0.0,20
AE-station-r1,AE,Station,1,7,J2/C2/apres_check,1.0,22
AE-station-r1,AE,Station,1,7,J1/C1/ouverture,0.0,24
AE-station-r1,AE,Station,1,7,J1/C2/ouverture,1.0,22
AE-station-r1,AE,Station,1,7,J2/C0/apres_check,0.0,33
AE-station-r1,AE,Station,1,8,J1/C2/ouverture,1.0,26
AE-station-r1,AE,Station,1,8,J2/C1/apres_check,0.03571428571428571,28
AE-station-r1,AE,Station,1,8,J1/C1/ouverture,0.0,23
AE-station-r1,AE,Station,1,8,J2/C0/apres_check,0.03333333333333333,30
AE-station-r1,AE,Station,1,8,J2/C2/apres_check,1.0,17
AE-station-r1,AE,Station,1,8,J1/C0/ouverture,0.0,26
AE-station-r1,AE,Station,1,9,J1/C2/ouverture,1.0,25
AE-station-r1,AE,Station,1,9,J2/C1/apres_check,0.0,23
AE-station-r1,AE,Station,1,9,J1/C0/ouverture,0.027777777777777776,36
AE-station-r1,AE,Station,1,9,J1/C1/ouverture,0.0,14
AE-station-r1,AE,Station,1,9,J2/C0/apres_check,0.0,25
AE-station-r1,AE,Station,1,9,J2/C2/apres_check,1.0,27
SM-gto-r2,SM,GTO,2,0,J1/C1/ouverture,0.4,20
SM-gto-r2,SM,GTO,2,0,J2/C1/face_mise,0.8571428571428571,14
SM-gto-r2,SM,GTO,2,0,J1/C0/ouverture,0.27586206896551724,29
SM-gto-r2,SM,GTO,2,0,J2/C1/apres_check,0.46153846153846156,13
SM-gto-r2,SM,GTO,2,0,J1/C0/face_mise_apres_check,0.7777777777777778,9
SM-gto-r2,SM,GTO,2,0,J2/C2/apres_check,0.5909090909090909,22
SM-gto-r2,SM,GTO,2,0,J1/C2/ouverture,0.5,26
SM-gto-r2,SM,GTO,2,0,J2/C0/face_mise,0.8181818181818182,11
SM-gto-r2,SM,GTO,2,0,J1/C1/face_mise_apres_check,1.0,10
SM-gto-r2,SM,GTO,2,0,J2/C0/apres_check,0.1,10
SM-gto-r2,SM,GTO,2,0,J2/C2/face_mise,1.0,5
SM-gto-r2,SM,GTO,2,0,J1/C2/face_mise_apres_check,1.0,1
SM-gto-r2,SM,GTO,2,1,J1/C2/ouverture,0.6785714285714286,28
SM-gto-r2,SM,GTO,2,1,J2/C2/apres_check,0.4444444444444444,18
SM-gto-r2,SM,GTO,2,1,J1/C1/ouverture,0.5185185185185185,27
SM-gto-r2,SM,GTO,2,1,J2/C2/face_mise,0.6,5
SM-gto-r2,SM,GTO,2,1,J1/C0/ouverture,0.2,20
SM-gto-r2,SM,GTO,2,1,J2/C1/apres_check,0.25,12
SM-gto-r2,SM,GTO,2,1,J1/C2/face_mise_apres_check,1.0,4
SM-gto-r2,SM,GTO,2,1,J2/C1/face_mise,0.6470588235294118,17
SM-gto-r2,SM,GTO,2,1,J1/C1/face_mise_apres_check,1.0,9
SM-gto-r2,SM,GTO,2,1,J2/C0/apres_check,0.0,13
SM-gto-r2,SM,GTO,2,1,J2/C0/face_mise,0.9,10
SM-gto-r2,SM,GTO,2,1,J1/C0/face_mise_apres_check,1.0,6
SM-gto-r2,SM,GTO,2,2,J1/C1/ouverture,0.4,30
SM-gto-r2,SM,GTO,2,2,J2/C2/apres_check,0.5909090909090909,22
SM-gto-r2,SM,GTO,2,2,J1/C0/ouverture,0.25,24
SM-gto-r2,SM,GTO,2,2,J1/C0/face_mise_apres_check,1.0,7
SM-gto-r2,SM,GTO,2,2,J2/C0/face_mise,1.0,11
SM-gto-r2,SM,GTO,2,2,J1/C2/ouverture,0.6190476190476191,21
SM-gto-r2,SM,GTO,2,2,J2/C0/apres_check,0.36363636363636365,11
SM-gto-r2,SM,GTO,2,2,J1/C1/face_mise_apres_check,0.8888888888888888,9
SM-gto-r2,SM,GTO,2,2,J2/C1/face_mise,0.8421052631578947,19
SM-gto-r2,SM,GTO,2,2,J2/C2/face_mise,0.6666666666666666,3
SM-gto-r2,SM,GTO,2,2,J2/C1/apres_check,0.2222222222222222,9
SM-gto-r2,SM,GTO,2,2,J1/C2/face_mise_apres_check,0.75,4
SM-station-r3,SM,Station,3,0,J1/C0/ouverture,0.21739130434782608,23
SM-station-r3,SM,Station,3,0,J2/C1/apres_check,0.3333333333333333,27
SM-station-r3,SM,Station,3,0,J1/C1/ouverture,0.391304347826087,23
SM-station-r3,SM,Station,3,0,J2/C2/apres_check,0.5263157894736842,19
SM-station-r3,SM,Station,3,0,J2/C0/apres_check,0.27586206896551724,29
SM-station-r3,SM,Station,3,0,J1/C2/ouverture,0.6206896551724138,29
SM-station-r3,SM,Station,3,1,J1/C1/ouverture,0.32,25
SM-station-r3,SM,Station,3,1,J2/C0/apres_check,0.07692307692307693,26
SM-station-r3,SM,Station,3,1,J2/C2/apres_check,0.3333333333333333,30
SM-station-r3,SM,Station,3,1,J1/C0/ouverture,0.3793103448275862,29
SM-station-r3,SM,Station,3,1,J2/C1/apres_check,0.10526315789473684,19
SM-station-r3,SM,Station,3,1,J1/C2/ouverture,0.6666666666666666,21
SM-station-r3,SM,Station,3,2,J1/C1/ouverture,0.4838709677419355,31
SM-station-r3,SM,Station,3,2,J2/C0/apres_check,0.20833333333333334,24
SM-station-r3,SM,Station,3,2,J1/C0/ouverture,0.391304347826087,23
SM-station-r3,SM,Station,3,2,J2/C1/apres_check,0.2,25
SM-station-r3,SM,Station,3,2,J2/C2/apres_check,0.6153846153846154,26
SM-station-r3,SM,Station,3,2,J1/C2/ouverture,0.7619047619047619,21
ICL-over-folder-r3,ICL,Over-folder,3,0,J1/C0/ouverture,0.34782608695652173,23
ICL-over-folder-r3,ICL,Over-folder,3,0,J2/C1/apres_check,0.2962962962962963,27
ICL-over-folder-r3,ICL,Over-folder,3,0,J1/C1/ouverture,0.2608695652173913,23
ICL-over-folder-r3,ICL,Over-folder,3,0,J2/C2/apres_check,0.42105263157894735,19
ICL-over-folder-r3,ICL,Over-folder,3,0,J2/C0/apres_check,0.20689655172413793,29
ICL-over-folder-r3,ICL,Over-folder,3,0,J1/C2/ouverture,0.5862068965517241,29
ICL-over-folder-r3,ICL,Over-folder,3,1,J1/C1/ouverture,1.0,25
ICL-over-folder-r3,ICL,Over-folder,3,1,J2/C0/apres_check,1.0,26
ICL-over-folder-r3,ICL,Over-folder,3,1,J2/C2/apres_check,1.0,30
ICL-over-folder-r3,ICL,Over-folder,3,1,J1/C0/ouverture,1.0,29
ICL-over-folder-r3,ICL,Over-folder,3,1,J2/C1/apres_check,1.0,19
ICL-over-folder-r3,ICL,Over-folder,3,1,J1/C2/ouverture,0.9047619047619048,21
ICL-over-folder-r3,ICL,Over-folder,3,2,J1/C1/ouverture,1.0,31
ICL-over-folder-r3,ICL,Over-folder,3,2,J2/C0/apres_check,1.0,24
ICL-over-folder-r3,ICL,Over-folder,3,2,J1/C0/ouverture,1.0,23
ICL-over-folder-r3,ICL,Over-folder,3,2,J2/C1/apres_check,1.0,25
ICL-over-folder-r3,ICL,Over-folder,3,2,J2/C2/apres_check,1.0,26
ICL-over-folder-r3,ICL,Over-folder,3,2,J1/C2/ouverture,1.0,21
ICL-over-folder-r3,ICL,Over-folder,3,3,J1/C2/ouverture,0.9714285714285714,35
ICL-over-folder-r3,ICL,Over-folder,3,3,J2/C0/apres_check,1.0,27
ICL-over-folder-r3,ICL,Over-folder,3,3,J1/C0/ouverture,1.0,18
ICL-over-folder-r3,ICL,Over-folder,3,3,J2/C2/apres_check,1.0,24
ICL-over-folder-r3,ICL,Over-folder,3,3,J2/C1/apres_check,1.0,24
ICL-over-folder-r3,ICL,Over-folder,3,3,J1/C1/ouverture,1.0,22
ICL-over-folder-r3,ICL,Over-folder,3,4,J1/C2/ouverture,0.875,24
ICL-over-folder-r3,ICL,Over-folder,3,4,J2/C0/apres_check,1.0,36
ICL-over-folder-r3,ICL,Over-folder,3,4,J1/C1/ouverture,1.0,26
ICL-over-folder-r3,ICL,Over-folder,3,4,J2/C2/apres_check,0.9545454545454546,22
ICL-over-folder-r3,ICL,Over-folder,3,4,J2/C1/apres_check,1.0,17
ICL-over-folder-r3,ICL,Over-folder,3,4,J1/C0/ouverture,1.0,25
ICL-over-folder-r3,ICL,Over-folder,3,5,J1/C1/ouverture,1.0,24
ICL-over-folder-r3,ICL,Over-folder,3,5,J2/C2/apres_check,1.0,25
ICL-over-folder-r3,ICL,Over-folder,3,5,J1/C0/ouverture,1.0,21
ICL-over-folder-r3,ICL,Over-folder,3,5,J2/C0/apres_check,1.0,26
ICL-over-folder-r3,ICL,Over-folder,3,5,J1/C2/ouverture,0.9666666666666667,30
ICL-over-folder-r3,ICL,Over-folder,3,5,J2/C1/apres_check,1.0,24
ICL-over-folder-r3,ICL,Over-folder,3,6,J1/C2/ouverture,0.8620689655172413,29
ICL-over-folder-r3,ICL,Over-folder,3,6,J2/C0/apres_check,1.0,35
ICL-over-folder-r3,ICL,Over-folder,3,6,J1/C0/ouverture,1.0,25
ICL-over-folder-r3,ICL,Over-folder,3,6,J2/C1/apres_check,1.0,21
ICL-over-folder-r3,ICL,Over-folder,3,6,J1/C1/ouverture,1.0,21
ICL-over-folder-r3,ICL,Over-folder,3,6,J2/C2/apres_check,0.9473684210526315,19
ICL-over-folder-r3,ICL,Over-folder,3,7,J1/C0/ouverture,1.0,28
ICL-over-folder-r3,ICL,Over-folder,3,7,J2/C1/apres_check,1.0,23
ICL-over-folder-r3,ICL,Over-folder,3,7,J2/C0/apres_check,1.0,26
ICL-over-folder-r3,ICL,Over-folder,3,7,J1/C2/ouverture,0.8333333333333334,24
ICL-over-folder-r3,ICL,Over-folder,3,7,J1/C1/ouverture,1.0,23
ICL-over-folder-r3,ICL,Over-folder,3,7,J2/C2/apres_check,0.9230769230769231,26
ICL-over-folder-r3,ICL,Over-folder,3,8,J1/C1/ouverture,1.0,26
ICL-over-folder-r3,ICL,Over-folder,3,8,J2/C0/apres_check,1.0,22
ICL-over-folder-r3,ICL,Over-folder,3,8,J2/C2/apres_check,1.0,21
ICL-over-folder-r3,ICL,Over-folder,3,8,J1/C2/ouverture,0.92,25
ICL-over-folder-r3,ICL,Over-folder,3,8,J2/C1/apres_check,1.0,32
ICL-over-folder-r3,ICL,Over-folder,3,8,J1/C0/ouverture,1.0,24
ICL-over-folder-r3,ICL,Over-folder,3,9,J1/C1/ouverture,1.0,27
ICL-over-folder-r3,ICL,Over-folder,3,9,J2/C1/apres_check,1.0,24
ICL-over-folder-r3,ICL,Over-folder,3,9,J2/C0/apres_check,0.9629629629629629,27
ICL-over-folder-r3,ICL,Over-folder,3,9,J1/C2/ouverture,0.84,25
ICL-over-folder-r3,ICL,Over-folder,3,9,J2/C2/apres_check,0.7083333333333334,24
ICL-over-folder-r3,ICL,Over-folder,3,9,J1/C0/ouverture,1.0,23
SM-gto-r3,SM,GTO,3,0,J1/C0/ouverture,0.21739130434782608,23
SM-gto-r3,SM,GTO,3,0,J1/C0/face_mise_apres_check,1.0,11
SM-gto-r3,SM,GTO,3,0,J2/C1/face_mise,0.6818181818181818,22
SM-gto-r3,SM,GTO,3,0,J2/C1/apres_check,0.4,5
SM-gto-r3,SM,GTO,3,0,J1/C1/ouverture,0.43478260869565216,23
SM-gto-r3,SM,GTO,3,0,J1/C1/face_mise_apres_check,1.0,11
SM-gto-r3,SM,GTO,3,0,J2/C2/face_mise,0.3333333333333333,3
SM-gto-r3,SM,GTO,3,0,J2/C0/face_mise,0.5625,16
SM-gto-r3,SM,GTO,3,0,J2/C2/apres_check,0.6875,16
SM-gto-r3,SM,GTO,3,0,J1/C2/ouverture,0.5172413793103449,29
SM-gto-r3,SM,GTO,3,0,J2/C0/apres_check,0.38461538461538464,13
SM-gto-r3,SM,GTO,3,0,J1/C2/face_mise_apres_check,1.0,3
SM-gto-r3,SM,GTO,3,1,J1/C1/ouverture,0.44,25
SM-gto-r3,SM,GTO,3,1,J1/C1/face_mise_apres_check,1.0,7
SM-gto-r3,SM,GTO,3,1,J2/C0/apres_check,0.13333333333333333,15
SM-gto-r3,SM,GTO,3,1,J2/C2/apres_check,0.5384615384615384,26
SM-gto-r3,SM,GTO,3,1,J1/C0/ouverture,0.3448275862068966,29
SM-gto-r3,SM,GTO,3,1,J1/C0/face_mise_apres_check,0.9,10
SM-gto-r3,SM,GTO,3,1,J2/C1/face_mise,0.7647058823529411,17
SM-gto-r3,SM,GTO,3,1,J2/C0/face_mise,0.8181818181818182,11
SM-gto-r3,SM,GTO,3,1,J1/C2/ouverture,0.6666666666666666,21
SM-gto-r3,SM,GTO,3,1,J2/C2/face_mise,0.5,4
SM-gto-r3,SM,GTO,3,1,J2/C1/apres_check,0.0,2
SM-gto-r3,SM,GTO,3,1,J1/C2/face_mise_apres_check,1.0,1
SM-gto-r3,SM,GTO,3,2,J1/C1/ouverture,0.41935483870967744,31
SM-gto-r3,SM,GTO,3,2,J1/C1/face_mise_apres_check,0.9,10
SM-gto-r3,SM,GTO,3,2,J2/C0/face_mise,0.9230769230769231,13
SM-gto-r3,SM,GTO,3,2,J1/C0/ouverture,0.2608695652173913,23
SM-gto-r3,SM,GTO,3,2,J1/C0/face_mise_apres_check,0.7272727272727273,11
SM-gto-r3,SM,GTO,3,2,J2/C1/apres_check,0.5454545454545454,11
SM-gto-r3,SM,GTO,3,2,J2/C2/face_mise,0.625,8
SM-gto-r3,SM,GTO,3,2,J2/C2/apres_check,0.5555555555555556,18
SM-gto-r3,SM,GTO,3,2,J1/C2/ouverture,0.5714285714285714,21
SM-gto-r3,SM,GTO,3,2,J2/C1/face_mise,0.7142857142857143,14
SM-gto-r3,SM,GTO,3,2,J2/C0/apres_check,0.36363636363636365,11
SM-gto-r3,SM,GTO,3,2,J1/C2/face_mise_apres_check,1.0,1
SM-over-folder-r3,SM,Over-folder,3,0,J1/C0/ouverture,0.30434782608695654,23
SM-over-folder-r3,SM,Over-folder,3,0,J2/C1/apres_check,0.25925925925925924,27
SM-over-folder-r3,SM,Over-folder,3,0,J1/C1/ouverture,0.43478260869565216,23
SM-over-folder-r3,SM,Over-folder,3,0,J2/C2/apres_check,0.47368421052631576,19
SM-over-folder-r3,SM,Over-folder,3,0,J2/C0/apres_check,0.3103448275862069,29
SM-over-folder-r3,SM,Over-folder,3,0,J1/C2/ouverture,0.6896551724137931,29
SM-over-folder-r3,SM,Over-folder,3,1,J1/C1/ouverture,0.4,25
SM-over-folder-r3,SM,Over-folder,3,1,J2/C0/apres_check,0.15384615384615385,26
SM-over-folder-r3,SM,Over-folder,3,1,J2/C2/apres_check,0.5,30
SM-over-folder-r3,SM,Over-folder,3,1,J1/C0/ouverture,0.3103448275862069,29
SM-over-folder-r3,SM,Over-folder,3,1,J2/C1/apres_check,0.21052631578947367,19
SM-over-folder-r3,SM,Over-folder,3,1,J1/C2/ouverture,0.7142857142857143,21
SM-over-folder-r3,SM,Over-folder,3,2,J1/C1/ouverture,0.2903225806451613,31
SM-over-folder-r3,SM,Over-folder,3,2,J2/C0/apres_check,0.2916666666666667,24
SM-over-folder-r3,SM,Over-folder,3,2,J1/C0/ouverture,0.2608695652173913,23
SM-over-folder-r3,SM,Over-folder,3,2,J2/C1/apres_check,0.24,25
SM-over-folder-r3,SM,Over-folder,3,2,J2/C2/apres_check,0.4230769230769231,26
SM-over-folder-r3,SM,Over-folder,3,2,J1/C2/ouverture,0.5238095238095238,21
AE-over-folder-r3,AE,Over-folder,3,0,J1/C0/ouverture,0.17391304347826086,23
AE-over-folder-r3,AE,Over-folder,3,0,J2/C1/apres_check,0.2962962962962963,27
AE-over-folder-r3,AE,Over-folder,3,0,J1/C1/ouverture,0.2608695652173913,23
AE-over-folder-r3,AE,Over-folder,3,0,J2/C2/apres_check,0.47368421052631576,19
AE-over-folder-r3,AE,Over-folder,3,0,J2/C0/apres_check,0.13793103448275862,29
AE-over-folder-r3,AE,Over-folder,3,0,J1/C2/ouverture,0.6896551724137931,29
AE-over-folder-r3,AE,Over-folder,3,1,J1/C1/ouverture,1.0,25
AE-over-folder-r3,AE,Over-folder,3,1,J2/C0/apres_check,1.0,26
AE-over-folder-r3,AE,Over-folder,3,1,J2/C2/apres_check,1.0,30
AE-over-folder-r3,AE,Over-folder,3,1,J1/C0/ouverture,1.0,29
AE-over-folder-r3,AE,Over-folder,3,1,J2/C1/apres_check,1.0,19
AE-over-folder-r3,AE,Over-folder,3,1,J1/C2/ouverture,1.0,21
AE-over-folder-r3,AE,Over-folder,3,2,J1/C1/ouverture,1.0,31
AE-over-folder-r3,AE,Over-folder,3,2,J2/C0/apres_check,1.0,24
AE-over-folder-r3,AE,Over-folder,3,2,J1/C0/ouverture,1.0,23
AE-over-folder-r3,AE,Over-folder,3,2,J2/C1/apres_check,1.0,25
AE-over-folder-r3,AE,Over-folder,3,2,J2/C2/apres_check,1.0,26
AE-over-folder-r3,AE,Over-folder,3,2,J1/C2/ouverture,1.0,21
AE-over-folder-r3,AE,Over-folder,3,3,J1/C2/ouverture,1.0,35
AE-over-folder-r3,AE,Over-folder,3,3,J2/C0/apres_check,1.0,27
AE-over-folder-r3,AE,Over-folder,3,3,J1/C0/ouverture,1.0,18
AE-over-folder-r3,AE,Over-folder,3,3,J2/C2/apres_check,0.9583333333333334,24
AE-over-folder-r3,AE,Over-folder,3,3,J2/C1/apres_check,1.0,24
AE-over-folder-r3,AE,Over-folder,3,3,J1/C1/ouverture,1.0,22
AE-over-folder-r3,AE,Over-folder,3,4,J1/C2/ouverture,1.0,24
AE-over-folder-r3,AE,Over-folder,3,4,J2/C0/apres_check,1.0,36
AE-over-folder-r3,AE,Over-folder,3,4,J1/C1/ouverture,1.0,26
AE-over-folder-r3,AE,Over-folder,3,4,J2/C2/apres_check,1.0,22
AE-over-folder-r3,AE,Over-folder,3,4,J2/C1/apres_check,1.0,17
AE-over-folder-r3,AE,Over-folder,3,4,J1/C0/ouverture,1.0,25
AE-over-folder-r3,AE,Over-folder,3,5,J1/C1/ouverture,1.0,24
AE-over-folder-r3,AE,Over-folder,3,5,J2/C2/apres_check,1.0,25
AE-over-folder-r3,AE,Over-folder,3,5,J1/C0/ouverture,1.0,21
AE-over-folder-r3,AE,Over-folder,3,5,J2/C0/apres_check,1.0,26
AE-over-folder-r3,AE,Over-folder,3,5,J1/C2/ouverture,1.0,30
AE-over-folder-r3,AE,Over-folder,3,5,J2/C1/apres_check,1.0,24
AE-over-folder-r3,AE,Over-folder,3,6,J1/C2/ouverture,1.0,29
AE-over-folder-r3,AE,Over-folder,3,6,J2/C0/apres_check,1.0,35
AE-over-folder-r3,AE,Over-folder,3,6,J1/C0/ouverture,1.0,25
AE-over-folder-r3,AE,Over-folder,3,6,J2/C1/apres_check,1.0,21
AE-over-folder-r3,AE,Over-folder,3,6,J1/C1/ouverture,1.0,21
AE-over-folder-r3,AE,Over-folder,3,6,J2/C2/apres_check,1.0,19
AE-over-folder-r3,AE,Over-folder,3,7,J1/C0/ouverture,1.0,28
AE-over-folder-r3,AE,Over-folder,3,7,J2/C1/apres_check,1.0,23
AE-over-folder-r3,AE,Over-folder,3,7,J2/C0/apres_check,1.0,26
AE-over-folder-r3,AE,Over-folder,3,7,J1/C2/ouverture,1.0,24
AE-over-folder-r3,AE,Over-folder,3,7,J1/C1/ouverture,1.0,23
AE-over-folder-r3,AE,Over-folder,3,7,J2/C2/apres_check,1.0,26
AE-over-folder-r3,AE,Over-folder,3,8,J1/C1/ouverture,1.0,26
AE-over-folder-r3,AE,Over-folder,3,8,J2/C0/apres_check,1.0,22
AE-over-folder-r3,AE,Over-folder,3,8,J2/C2/apres_check,1.0,21
AE-over-folder-r3,AE,Over-folder,3,8,J1/C2/ouverture,1.0,25
AE-over-folder-r3,AE,Over-folder,3,8,J2/C1/apres_check,1.0,32
AE-over-folder-r3,AE,Over-folder,3,8,J1/C0/ouverture,1.0,24
AE-over-folder-r3,AE,Over-folder,3,9,J1/C1/ouverture,1.0,27
AE-over-folder-r3,AE,Over-folder,3,9,J2/C1/apres_check,1.0,24
AE-over-folder-r3,AE,Over-folder,3,9,J2/C0/apres_check,1.0,27
AE-over-folder-r3,AE,Over-folder,3,9,J1/C2/ouverture,1.0,25
AE-over-folder-r3,AE,Over-folder,3,9,J2/C2/apres_check,1.0,24
AE-over-folder-r3,AE,Over-folder,3,9,J1/C0/ouverture,1.0,23
AE-station-r2,AE,Station,2,0,J1/C1/ouverture,0.35,20
AE-station-r2,AE,Station,2,0,J2/C1/apres_check,0.2962962962962963,27
AE-station-r2,AE,Station,2,0,J1/C0/ouverture,0.3793103448275862,29
AE-station-r2,AE,Station,2,0,J2/C2/apres_check,0.37037037037037035,27
AE-station-r2,AE,Station,2,0,J1/C2/ouverture,0.7692307692307693,26
AE-station-r2,AE,Station,2,0,J2/C0/apres_check,0.09523809523809523,21
AE-station-r2,AE,Station,2,1,J1/C2/ouverture,1.0,28
AE-station-r2,AE,Station,2,1,J2/C2/apres_check,1.0,23
AE-station-r2,AE,Station,2,1,J1/C1/ouverture,0.0,27
AE-station-r2,AE,Station,2,1,J1/C0/ouverture,0.0,20
AE-station-r2,AE,Station,2,1,J2/C1/apres_check,1.0,29
AE-station-r2,AE,Station,2,1,J2/C0/apres_check,0.0,23
AE-station-r2,AE,Station,2,2,J1/C1/ouverture,0.0,30
AE-station-r2,AE,Station,2,2,J2/C2/apres_check,1.0,25
AE-station-r2,AE,Station,2,2,J1/C0/ouverture,0.0,24
AE-station-r2,AE,Station,2,2,J2/C0/apres_check,0.0,22
AE-station-r2,AE,Station,2,2,J1/C2/ouverture,1.0,21
AE-station-r2,AE,Station,2,2,J2/C1/apres_check,1.0,28
AE-station-r2,AE,Station,2,3,J1/C2/ouverture,1.0,28
AE-station-r2,AE,Station,2,3,J2/C0/apres_check,0.0,29
AE-station-r2,AE,Station,2,3,J1/C1/ouverture,0.0,21
AE-station-r2,AE,Station,2,3,J2/C1/apres_check,0.9473684210526315,19
AE-station-r2,AE,Station,2,3,J1/C0/ouverture,0.0,26
AE-station-r2,AE,Station,2,3,J2/C2/apres_check,1.0,27
AE-station-r2,AE,Station,2,4,J1/C2/ouverture,1.0,30
AE-station-r2,AE,Station,2,4,J2/C1/apres_check,0.9565217391304348,23
AE-station-r2,AE,Station,2,4,J1/C1/ouverture,0.0,17
AE-station-r2,AE,Station,2,4,J2/C0/apres_check,0.0,24
AE-station-r2,AE,Station,2,4,J2/C2/apres_check,1.0,28
AE-station-r2,AE,Station,2,4,J1/C0/ouverture,0.0,28
AE-station-r2,AE,Station,2,5,J1/C1/ouverture,0.0,25
AE-station-r2,AE,Station,2,5,J2/C0/apres_check,0.0,20
AE-station-r2,AE,Station,2,5,J1/C2/ouverture,1.0,27
AE-station-r2,AE,Station,2,5,J2/C1/apres_check,0.0967741935483871,31
AE-station-r2,AE,Station,2,5,J1/C0/ouverture,0.0,23
AE-station-r2,AE,Station,2,5,J2/C2/apres_check,1.0,24
AE-station-r2,AE,Station,2,6,J1/C1/ouverture,0.0,35
AE-station-r2,AE,Station,2,6,J2/C0/apres_check,0.038461538461538464,26
AE-station-r2,AE,Station,2,6,J1/C2/ouverture,1.0,18
AE-station-r2,AE,Station,2,6,J1/C0/ouverture,0.045454545454545456,22
AE-station-r2,AE,Station,2,6,J2/C1/apres_check,0.08695652173913043,23
AE-station-r2,AE,Station,2,6,J2/C2/apres_check,1.0,26
AE-station-r2,AE,Station,2,7,J1/C0/ouverture,0.0,26
AE-station-r2,AE,Station,2,7,J2/C1/apres_check,0.0,20
AE-station-r2,AE,Station,2,7,J1/C1/ouverture,0.0,24
AE-station-r2,AE,Station,2,7,J2/C0/apres_check,0.0,27
AE-station-r2,AE,Station,2,7,J2/C2/apres_check,1.0,28
AE-station-r2,AE,Station,2,7,J1/C2/ouverture,1.0,25
AE-station-r2,AE,Station,2,8,J1/C2/ouverture,1.0,25
AE-station-r2,AE,Station,2,8,J2/C0/apres_check,0.0,21
AE-station-r2,AE,Station,2,8,J1/C0/ouverture,0.0,28
AE-station-r2,AE,Station,2,8,J2/C1/apres_check,0.0,25
AE-station-r2,AE,Station,2,8,J2/C2/apres_check,1.0,29
AE-station-r2,AE,Station,2,8,J1/C1/ouverture,0.0,22
AE-station-r2,AE,Station,2,9,J1/C0/ouverture,0.0,18
AE-station-r2,AE,Station,2,9,J2/C1/apres_check,0.0,21
AE-station-r2,AE,Station,2,9,J1/C1/ouverture,0.038461538461538464,26
AE-station-r2,AE,Station,2,9,J2/C2/apres_check,1.0,28
AE-station-r2,AE,Station,2,9,J1/C2/ouverture,1.0,31
AE-station-r2,AE,Station,2,9,J2/C0/apres_check,0.0,26
ICL-over-folder-r2,ICL,Over-folder,2,0,J1/C1/ouverture,0.6,20
ICL-over-folder-r2,ICL,Over-folder,2,0,J2/C1/apres_check,0.3333333333333333,27
ICL-over-folder-r2,ICL,Over-folder,2,0,J1/C0/ouverture,0.3448275862068966,29
ICL-over-folder-r2,ICL,Over-folder,2,0,J2/C2/apres_check,0.5925925925925926,27
ICL-over-folder-r2,ICL,Over-folder,2,0,J1/C2/ouverture,0.6923076923076923,26
ICL-over-folder-r2,ICL,Over-folder,2,0,J2/C0/apres_check,0.19047619047619047,21
ICL-over-folder-r2,ICL,Over-folder,2,1,J1/C2/ouverture,0.9642857142857143,28
ICL-over-folder-r2,ICL,Over-folder,2,1,J2/C2/apres_check,0.9565217391304348,23
ICL-over-folder-r2,ICL,Over-folder,2,1,J1/C1/ouverture,1.0,27
ICL-over-folder-r2,ICL,Over-folder,2,1,J1/C0/ouverture,1.0,20
ICL-over-folder-r2,ICL,Over-folder,2,1,J2/C1/apres_check,1.0,29
ICL-over-folder-r2,ICL,Over-folder,2,1,J2/C0/apres_check,1.0,23
ICL-over-folder-r2,ICL,Over-folder,2,2,J1/C1/ouverture,1.0,30
ICL-over-folder-r2,ICL,Over-folder,2,2,J2/C2/apres_check,1.0,25
ICL-over-folder-r2,ICL,Over-folder,2,2,J1/C0/ouverture,1.0,24
ICL-over-folder-r2,ICL,Over-folder,2,2,J2/C0/apres_check,1.0,22
ICL-over-folder-r2,ICL,Over-folder,2,2,J1/C2/ouverture,0.9047619047619048,21
ICL-over-folder-r2,ICL,Over-folder,2,2,J2/C1/apres_check,1.0,28
ICL-over-folder-r2,ICL,Over-folder,2,3,J1/C2/ouverture,0.9285714285714286,28
ICL-over-folder-r2,ICL,Over-folder,2,3,J2/C0/apres_check,0.9655172413793104,29
ICL-over-folder-r2,ICL,Over-folder,2,3,J1/C1/ouverture,1.0,21
ICL-over-folder-r2,ICL,Over-folder,2,3,J2/C1/apres_check,0.9473684210526315,19
ICL-over-folder-r2,ICL,Over-folder,2,3,J1/C0/ouverture,1.0,26
ICL-over-folder-r2,ICL,Over-folder,2,3,J2/C2/apres_check,1.0,27
ICL-over-folder-r2,ICL,Over-folder,2,4,J1/C2/ouverture,0.8666666666666667,30
ICL-over-folder-r2,ICL,Over-folder,2,4,J2/C1/apres_check,1.0,23
ICL-over-folder-r2,ICL,Over-folder,2,4,J1/C1/ouverture,1.0,17
ICL-over-folder-r2,ICL,Over-folder,2,4,J2/C0/apres_check,1.0,24
ICL-over-folder-r2,ICL,Over-folder,2,4,J2/C2/apres_check,0.9285714285714286,28
ICL-over-folder-r2,ICL,Over-folder,2,4,J1/C0/ouverture,1.0,28
ICL-over-folder-r2,ICL,Over-folder,2,5,J1/C1/ouverture,1.0,25
ICL-over-folder-r2,ICL,Over-folder,2,5,J2/C0/apres_check,1.0,20
ICL-over-folder-r2,ICL,Over-folder,2,5,J1/C2/ouverture,0.8148148148148148,27
ICL-over-folder-r2,ICL,Over-folder,2,5,J2/C1/apres_check,1.0,31
ICL-over-folder-r2,ICL,Over-folder,2,5,J1/C0/ouverture,1.0,23
ICL-over-folder-r2,ICL,Over-folder,2,5,J2/C2/apres_check,0.9166666666666666,24
ICL-over-folder-r2,ICL,Over-folder,2,6,J1/C1/ouverture,1.0,35
ICL-over-folder-r2,ICL,Over-folder,2,6,J2/C0/apres_check,1.0,26
ICL-over-folder-r2,ICL,Over-folder,2,6,J1/C2/ouverture,0.8888888888888888,18
ICL-over-folder-r2,ICL,Over-folder,2,6,J1/C0/ouverture,1.0,22
ICL-over-folder-r2,ICL,Over-folder,2,6,J2/C1/apres_check,1.0,23
ICL-over-folder-r2,ICL,Over-folder,2,6,J2/C2/apres_check,0.9615384615384616,26
ICL-over-folder-r2,ICL,Over-folder,2,7,J1/C0/ouverture,1.0,26
ICL-over-folder-r2,ICL,Over-folder,2,7,J2/C1/apres_check,0.95,20
ICL-over-folder-r2,ICL,Over-folder,2,7,J1/C1/ouverture,1.0,24
ICL-over-folder-r2,ICL,Over-folder,2,7,J2/C0/apres_check,1.0,27
ICL-over-folder-r2,ICL,Over-folder,2,7,J2/C2/apres_check,1.0,28
ICL-over-folder-r2,ICL,Over-folder,2,7,J1/C2/ouverture,0.88,25
ICL-over-folder-r2,ICL,Over-folder,2,8,J1/C2/ouverture,1.0,25
ICL-over-folder-r2,ICL,Over-folder,2,8,J2/C0/apres_check,1.0,21
ICL-over-folder-r2,ICL,Over-folder,2,8,J1/C0/ouverture,1.0,28
ICL-over-folder-r2,ICL,Over-folder,2,8,J2/C1/apres_check,1.0,25
ICL-over-folder-r2,ICL,Over-folder,2,8,J2/C2/apres_check,0.9655172413793104,29
ICL-over-folder-r2,ICL,Over-folder,2,8,J1/C1/ouverture,1.0,22
ICL-over-folder-r2,ICL,Over-folder,2,9,J1/C0/ouverture,1.0,18
ICL-over-folder-r2,ICL,Over-folder,2,9,J2/C1/apres_check,1.0,21
ICL-over-folder-r2,ICL,Over-folder,2,9,J1/C1/ouverture,1.0,26
ICL-over-folder-r2,ICL,Over-folder,2,9,J2/C2/apres_check,0.9285714285714286,28
ICL-over-folder-r2,ICL,Over-folder,2,9,J1/C2/ouverture,0.9354838709677419,31
ICL-over-folder-r2,ICL,Over-folder,2,9,J2/C0/apres_check,1.0,26
SM-over-folder-r1,SM,Over-folder,1,0,J1/C2/ouverture,0.6818181818181818,22
SM-over-folder-r1,SM,Over-folder,1,0,J2/C0/apres_check,0.19047619047619047,21
SM-over-folder-r1,SM,Over-folder,1,0,J2/C2/apres_check,0.4642857142857143,28
SM-over-folder-r1,SM,Over-folder,1,0,J1/C1/ouverture,0.43478260869565216,23
SM-over-folder-r1,SM,Over-folder,1,0,J2/C1/apres_check,0.3076923076923077,26
SM-over-folder-r1,SM,Over-folder,1,0,J1/C0/ouverture,0.3333333333333333,30
SM-over-folder-r1,SM,Over-folder,1,1,J1/C0/ouverture,0.44,25
SM-over-folder-r1,SM,Over-folder,1,1,J2/C1/apres_check,0.35,20
SM-over-folder-r1,SM,Over-folder,1,1,J1/C1/ouverture,0.48,25
SM-over-folder-r1,SM,Over-folder,1,1,J2/C0/apres_check,0.12,25
SM-over-folder-r1,SM,Over-folder,1,1,J2/C2/apres_check,0.3333333333333333,30
SM-over-folder-r1,SM,Over-folder,1,1,J1/C2/ouverture,0.6,25
SM-over-folder-r1,SM,Over-folder,1,2,J1/C0/ouverture,0.44,25
SM-over-folder-r1,SM,Over-folder,1,2,J2/C0/apres_check,0.18181818181818182,33
SM-over-folder-r1,SM,Over-folder,1,2,J1/C1/ouverture,0.38461538461538464,26
SM-over-folder-r1,SM,Over-folder,1,2,J2/C1/apres_check,0.25,12
SM-over-folder-r1,SM,Over-folder,1,2,J1/C2/ouverture,0.875,24
SM-over-folder-r1,SM,Over-folder,1,2,J2/C2/apres_check,0.43333333333333335,30
AE-gto-r2,AE,GTO,2,0,J1/C1/ouverture,0.55,20
AE-gto-r2,AE,GTO,2,0,J1/C1/face_mise_apres_check,0.8571428571428571,7
AE-gto-r2,AE,GTO,2,0,J2/C1/face_mise,0.5,14
AE-gto-r2,AE,GTO,2,0,J1/C0/ouverture,0.41379310344827586,29
AE-gto-r2,AE,GTO,2,0,J2/C1/apres_check,0.23076923076923078,13
AE-gto-r2,AE,GTO,2,0,J1/C0/face_mise_apres_check,0.8333333333333334,6
AE-gto-r2,AE,GTO,2,0,J2/C2/apres_check,0.45454545454545453,22
AE-gto-r2,AE,GTO,2,0,J1/C2/ouverture,0.5384615384615384,26
AE-gto-r2,AE,GTO,2,0,J2/C0/face_mise,0.7272727272727273,11
AE-gto-r2,AE,GTO,2,0,J2/C0/apres_check,0.2,10
AE-gto-r2,AE,GTO,2,0,J2/C2/face_mise,0.6,5
AE-gto-r2,AE,GTO,2,0,J1/C2/face_mise_apres_check,1.0,2
AE-gto-r2,AE,GTO,2,1,J1/C2/ouverture,1.0,28
AE-gto-r2,AE,GTO,2,1,J2/C2/apres_check,1.0,18
AE-gto-r2,AE,GTO,2,1,J1/C1/ouverture,0.0,27
AE-gto-r2,AE,GTO,2,1,J2/C2/face_mise,1.0,5
AE-gto-r2,AE,GTO,2,1,J1/C0/ouverture,0.0,20
AE-gto-r2,AE,GTO,2,1,J2/C1/apres_check,1.0,12
AE-gto-r2,AE,GTO,2,1,J1/C1/face_mise_apres_check,0.0,18
AE-gto-r2,AE,GTO,2,1,J2/C1/face_mise,0.0,17
AE-gto-r2,AE,GTO,2,1,J2/C0/apres_check,1.0,13
AE-gto-r2,AE,GTO,2,1,J2/C0/face_mise,0.0,10
AE-gto-r2,AE,GTO,2,1,J1/C0/face_mise_apres_check,0.0,7
AE-gto-r2,AE,GTO,2,2,J1/C1/ouverture,0.0,30
AE-gto-r2,AE,GTO,2,2,J2/C2/apres_check,1.0,22
AE-gto-r2,AE,GTO,2,2,J1/C0/ouverture,0.0,24
AE-gto-r2,AE,GTO,2,2,J1/C0/face_mise_apres_check,0.5,12
AE-gto-r2,AE,GTO,2,2,J2/C0/face_mise,0.09090909090909091,11
AE-gto-r2,AE,GTO,2,2,J1/C2/ouverture,1.0,21
AE-gto-r2,AE,GTO,2,2,J2/C0/apres_check,0.0,11
AE-gto-r2,AE,GTO,2,2,J1/C1/face_mise_apres_check,0.05263157894736842,19
AE-gto-r2,AE,GTO,2,2,J2/C1/face_mise,0.0,19
AE-gto-r2,AE,GTO,2,2,J2/C2/face_mise,1.0,3
AE-gto-r2,AE,GTO,2,2,J2/C1/apres_check,1.0,9
AE-gto-r2,AE,GTO,2,3,J1/C2/ouverture,1.0,28
AE-gto-r2,AE,GTO,2,3,J2/C0/face_mise,0.0,12
AE-gto-r2,AE,GTO,2,3,J1/C1/ouverture,0.9523809523809523,21
AE-gto-r2,AE,GTO,2,3,J2/C1/face_mise,0.21428571428571427,14
AE-gto-r2,AE,GTO,2,3,J1/C0/ouverture,0.8461538461538461,26
AE-gto-r2,AE,GTO,2,3,J2/C0/apres_check,0.7647058823529411,17
AE-gto-r2,AE,GTO,2,3,J2/C2/apres_check,1.0,22
AE-gto-r2,AE,GTO,2,3,J2/C2/face_mise,1.0,5
AE-gto-r2,AE,GTO,2,3,J1/C1/face_mise_apres_check,0.0,1
AE-gto-r2,AE,GTO,2,3,J2/C1/apres_check,1.0,5
AE-gto-r2,AE,GTO,2,3,J1/C0/face_mise_apres_check,0.0,1
AE-gto-r2,AE,GTO,2,4,J1/C2/ouverture,1.0,30
AE-gto-r2,AE,GTO,2,4,J2/C1/apres_check,0.8571428571428571,7
AE-gto-r2,AE,GTO,2,4,J1/C1/ouverture,0.8235294117647058,17
AE-gto-r2,AE,GTO,2,4,J2/C0/face_mise,0.0,10
AE-gto-r2,AE,GTO,2,4,J2/C2/apres_check,1.0,25
AE-gto-r2,AE,GTO,2,4,J1/C0/ouverture,0.5357142857142857,28
AE-gto-r2,AE,GTO,2,4,J1/C0/face_mise_apres_check,0.0,9
AE-gto-r2,AE,GTO,2,4,J2/C1/face_mise,0.125,16
AE-gto-r2,AE,GTO,2,4,J2/C0/apres_check,0.5714285714285714,14
AE-gto-r2,AE,GTO,2,4,J2/C2/face_mise,1.0,3
AE-gto-r2,AE,GTO,2,4,J1/C1/face_mise_apres_check,0.0,2
AE-gto-r2,AE,GTO,2,5,J1/C1/ouverture,1.0,25
AE-gto-r2,AE,GTO,2,5,J2/C0/face_mise,0.0,13
AE-gto-r2,AE,GTO,2,5,J1/C2/ouverture,1.0,27
AE-gto-r2,AE,GTO,2,5,J2/C1/face_mise,0.0,21
AE-gto-r2,AE,GTO,2,5,J1/C0/ouverture,0.9565217391304348,23
AE-gto-r2,AE,GTO,2,5,J2/C1/apres_check,1.0,10
AE-gto-r2,AE,GTO,2,5,J2/C2/apres_check,1.0,19
AE-gto-r2,AE,GTO,2,5,J2/C0/apres_check,1.0,7
AE-gto-r2,AE,GTO,2,5,J2/C2/face_mise,1.0,5
AE-gto-r2,AE,GTO,2,6,J1/C1/ouverture,1.0,35
AE-gto-r2,AE,GTO,2,6,J2/C0/face_mise,0.0,12
AE-gto-r2,AE,GTO,2,6,J1/C2/ouverture,1.0,18
AE-gto-r2,AE,GTO,2,6,J1/C0/ouverture,1.0,22
AE-gto-r2,AE,GTO,2,6,J2/C1/apres_check,1.0,11
AE-gto-r2,AE,GTO,2,6,J2/C2/apres_check,1.0,23
AE-gto-r2,AE,GTO,2,6,J2/C2/face_mise,1.0,3
AE-gto-r2,AE,GTO,2,6,J2/C0/apres_check,0.35714285714285715,14
AE-gto-r2,AE,GTO,2,6,J2/C1/face_mise,0.08333333333333333,12
AE-gto-r2,AE,GTO,2,7,J1/C0/ouverture,0.0,26
AE-gto-r2,AE,GTO,2,7,J2/C1/face_mise,0.15384615384615385,13
AE-gto-r2,AE,GTO,2,7,J1/C1/ouverture,0.0,24
AE-gto-r2,AE,GTO,2,7,J1/C1/face_mise_apres_check,0.23529411764705882,17
AE-gto-r2,AE,GTO,2,7,J2/C0/face_mise,0.0,11
AE-gto-r2,AE,GTO,2,7,J2/C2/face_mise,1.0,4
AE-gto-r2,AE,GTO,2,7,J1/C2/ouverture,1.0,25
AE-gto-r2,AE,GTO,2,7,J2/C0/apres_check,0.375,16
AE-gto-r2,AE,GTO,2,7,J2/C2/apres_check,1.0,24
AE-gto-r2,AE,GTO,2,7,J2/C1/apres_check,0.5714285714285714,7
AE-gto-r2,AE,GTO,2,7,J1/C0/face_mise_apres_check,0.0,15
AE-gto-r2,AE,GTO,2,8,J1/C2/ouverture,1.0,25
AE-gto-r2,AE,GTO,2,8,J2/C0/apres_check,0.25,12
AE-gto-r2,AE,GTO,2,8,J1/C0/ouverture,0.0,28
AE-gto-r2,AE,GTO,2,8,J1/C0/face_mise_apres_check,0.07142857142857142,14
AE-gto-r2,AE,GTO,2,8,J2/C1/face_mise,0.13333333333333333,15
AE-gto-r2,AE,GTO,2,8,J2/C2/apres_check,1.0,28
AE-gto-r2,AE,GTO,2,8,J1/C1/ouverture,0.0,22
AE-gto-r2,AE,GTO,2,8,J2/C1/apres_check,0.1,10
AE-gto-r2,AE,GTO,2,8,J1/C1/face_mise_apres_check,0.16666666666666666,12
AE-gto-r2,AE,GTO,2,8,J2/C0/face_mise,0.2222222222222222,9
AE-gto-r2,AE,GTO,2,8,J2/C2/face_mise,1.0,1
AE-gto-r2,AE,GTO,2,9,J1/C0/ouverture,0.0,18
AE-gto-r2,AE,GTO,2,9,J1/C0/face_mise_apres_check,0.0,9
AE-gto-r2,AE,GTO,2,9,J2/C1/face_mise,0.7333333333333333,15
AE-gto-r2,AE,GTO,2,9,J1/C1/ouverture,0.0,26
AE-gto-r2,AE,GTO,2,9,J1/C1/face_mise_apres_check,0.14285714285714285,14
AE-gto-r2,AE,GTO,2,9,J2/C2/apres_check,1.0,24
AE-gto-r2,AE,GTO,2,9,J1/C2/ouverture,1.0,31
AE-gto-r2,AE,GTO,2,9,J2/C1/apres_check,0.0,6
AE-gto-r2,AE,GTO,2,9,J2/C0/face_mise,0.0,16
AE-gto-r2,AE,GTO,2,9,J2/C0/apres_check,0.0,10
AE-gto-r2,AE,GTO,2,9,J2/C2/face_mise,1.0,4
AE-over-folder-r2,AE,Over-folder,2,0,J1/C1/ouverture,0.6,20
AE-over-folder-r2,AE,Over-folder,2,0,J2/C1/apres_check,0.37037037037037035,27
AE-over-folder-r2,AE,Over-folder,2,0,J1/C0/ouverture,0.4827586206896552,29
AE-over-folder-r2,AE,Over-folder,2,0,J2/C2/apres_check,0.4444444444444444,27
AE-over-folder-r2,AE,Over-folder,2,0,J1/C2/ouverture,0.5769230769230769,26
AE-over-folder-r2,AE,Over-folder,2,0,J2/C0/apres_check,0.2857142857142857,21
AE-over-folder-r2,AE,Over-folder,2,1,J1/C2/ouverture,1.0,28
AE-over-folder-r2,AE,Over-folder,2,1,J2/C2/apres_check,1.0,23
AE-over-folder-r2,AE,Over-folder,2,1,J1/C1/ouverture,1.0,27
AE-over-folder-r2,AE,Over-folder,2,1,J1/C0/ouverture,1.0,20
AE-over-folder-r2,AE,Over-folder,2,1,J2/C1/apres_check,1.0,29
AE-over-folder-r2,AE,Over-folder,2,1,J2/C0/apres_check,1.0,23
AE-over-folder-r2,AE,Over-folder,2,2,J1/C1/ouverture,1.0,30
AE-over-folder-r2,AE,Over-folder,2,2,J2/C2/apres_check,1.0,25
AE-over-folder-r2,AE,Over-folder,2,2,J1/C0/ouverture,1.0,24
AE-over-folder-r2,AE,Over-folder,2,2,J2/C0/apres_check,1.0,22
AE-over-folder-r2,AE,Over-folder,2,2,J1/C2/ouverture,1.0,21
AE-over-folder-r2,AE,Over-folder,2,2,J2/C1/apres_check,1.0,28
AE-over-folder-r2,AE,Over-folder,2,3,J1/C2/ouverture,1.0,28
AE-over-folder-r2,AE,Over-folder,2,3,J2/C0/apres_check,1.0,29
AE-over-folder-r2,AE,Over-folder,2,3,J1/C1/ouverture,1.0,21
AE-over-folder-r2,AE,Over-folder,2,3,J2/C1/apres_check,1.0,19
AE-over-folder-r2,AE,Over-folder,2,3,J1/C0/ouverture,1.0,26
AE-over-folder-r2,AE,Over-folder,2,3,J2/C2/apres_check,1.0,27
AE-over-folder-r2,AE,Over-folder,2,4,J1/C2/ouverture,1.0,30
AE-over-folder-r2,AE,Over-folder,2,4,J2/C1/apres_check,1.0,23
AE-over-folder-r2,AE,Over-folder,2,4,J1/C1/ouverture,1.0,17
AE-over-folder-r2,AE,Over-folder,2,4,J2/C0/apres_check,1.0,24
AE-over-folder-r2,AE,Over-folder,2,4,J2/C2/apres_check,1.0,28
AE-over-folder-r2,AE,Over-folder,2,4,J1/C0/ouverture,1.0,28
AE-over-folder-r2,AE,Over-folder,2,5,J1/C1/ouverture,1.0,25
AE-over-folder-r2,AE,Over-folder,2,5,J2/C0/apres_check,1.0,20
AE-over-folder-r2,AE,Over-folder,2,5,J1/C2/ouverture,1.0,27
AE-over-folder-r2,AE,Over-folder,2,5,J2/C1/apres_check,1.0,31
AE-over-folder-r2,AE,Over-folder,2,5,J1/C0/ouverture,1.0,23
AE-over-folder-r2,AE,Over-folder,2,5,J2/C2/apres_check,1.0,24
AE-over-folder-r2,AE,Over-folder,2,6,J1/C1/ouverture,1.0,35
AE-over-folder-r2,AE,Over-folder,2,6,J2/C0/apres_check,1.0,26
AE-over-folder-r2,AE,Over-folder,2,6,J1/C2/ouverture,1.0,18
AE-over-folder-r2,AE,Over-folder,2,6,J1/C0/ouverture,1.0,22
AE-over-folder-r2,AE,Over-folder,2,6,J2/C1/apres_check,1.0,23
AE-over-folder-r2,AE,Over-folder,2,6,J2/C2/apres_check,1.0,26
AE-over-folder-r2,AE,Over-folder,2,7,J1/C0/ouverture,1.0,26
AE-over-folder-r2,AE,Over-folder,2,7,J2/C1/apres_check,1.0,20
AE-over-folder-r2,AE,Over-folder,2,7,J1/C1/ouverture,1.0,24
AE-over-folder-r2,AE,Over-folder,2,7,J2/C0/apres_check,1.0,27
AE-over-folder-r2,AE,Over-folder,2,7,J2/C2/apres_check,1.0,28
AE-over-folder-r2,AE,Over-folder,2,7,J1/C2/ouverture,1.0,25
AE-over-folder-r2,AE,Over-folder,2,8,J1/C2/ouverture,1.0,25
AE-over-folder-r2,AE,Over-folder,2,8,J2/C0/apres_check,1.0,21
AE-over-folder-r2,AE,Over-folder,2,8,J1/C0/ouverture,1.0,28
AE-over-folder-r2,AE,Over-folder,2,8,J2/C1/apres_check,1.0,25
AE-over-folder-r2,AE,Over-folder,2,8,J2/C2/apres_check,1.0,29
AE-over-folder-r2,AE,Over-folder,2,8,J1/C1/ouverture,1.0,22
AE-over-folder-r2,AE,Over-folder,2,9,J1/C0/ouverture,1.0,18
AE-over-folder-r2,AE,Over-folder,2,9,J2/C1/apres_check,1.0,21
AE-over-folder-r2,AE,Over-folder,2,9,J1/C1/ouverture,1.0,26
AE-over-folder-r2,AE,Over-folder,2,9,J2/C2/apres_check,1.0,28
AE-over-folder-r2,AE,Over-folder,2,9,J1/C2/ouverture,1.0,31
AE-over-folder-r2,AE,Over-folder,2,9,J2/C0/apres_check,1.0,26
ICL-over-folder-r1,ICL,Over-folder,1,0,J1/C2/ouverture,0.5909090909090909,22
ICL-over-folder-r1,ICL,Over-folder,1,0,J2/C0/apres_check,0.09523809523809523,21
ICL-over-folder-r1,ICL,Over-folder,1,0,J2/C2/apres_check,0.6071428571428571,28
ICL-over-folder-r1,ICL,Over-folder,1,0,J1/C1/ouverture,0.30434782608695654,23
ICL-over-folder-r1,ICL,Over-folder,1,0,J2/C1/apres_check,0.34615384615384615,26
ICL-over-folder-r1,ICL,Over-folder,1,0,J1/C0/ouverture,0.43333333333333335,30
ICL-over-folder-r1,ICL,Over-folder,1,1,J1/C0/ouverture,1.0,25
ICL-over-folder-r1,ICL,Over-folder,1,1,J2/C1/apres_check,1.0,20
ICL-over-folder-r1,ICL,Over-folder,1,1,J1/C1/ouverture,1.0,25
ICL-over-folder-r1,ICL,Over-folder,1,1,J2/C0/apres_check,1.0,25
ICL-over-folder-r1,ICL,Over-folder,1,1,J2/C2/apres_check,0.9666666666666667,30
ICL-over-folder-r1,ICL,Over-folder,1,1,J1/C2/ouverture,0.96,25
ICL-over-folder-r1,ICL,Over-folder,1,2,J1/C0/ouverture,1.0,25
ICL-over-folder-r1,ICL,Over-folder,1,2,J2/C0/apres_check,1.0,33
ICL-over-folder-r1,ICL,Over-folder,1,2,J1/C1/ouverture,1.0,26
ICL-over-folder-r1,ICL,Over-folder,1,2,J2/C1/apres_check,1.0,12
ICL-over-folder-r1,ICL,Over-folder,1,2,J1/C2/ouverture,1.0,24
ICL-over-folder-r1,ICL,Over-folder,1,2,J2/C2/apres_check,0.9666666666666667,30
ICL-over-folder-r1,ICL,Over-folder,1,3,J1/C2/ouverture,0.9259259259259259,27
ICL-over-folder-r1,ICL,Over-folder,1,3,J2/C2/apres_check,0.96,25
ICL-over-folder-r1,ICL,Over-folder,1,3,J1/C0/ouverture,1.0,24
ICL-over-folder-r1,ICL,Over-folder,1,3,J2/C1/apres_check,0.9583333333333334,24
ICL-over-folder-r1,ICL,Over-folder,1,3,J1/C1/ouverture,1.0,24
ICL-over-folder-r1,ICL,Over-folder,1,3,J2/C0/apres_check,1.0,26
ICL-over-folder-r1,ICL,Over-folder,1,4,J1/C2/ouverture,0.9230769230769231,26
ICL-over-folder-r1,ICL,Over-folder,1,4,J2/C0/apres_check,1.0,29
ICL-over-folder-r1,ICL,Over-folder,1,4,J1/C0/ouverture,1.0,24
ICL-over-folder-r1,ICL,Over-folder,1,4,J2/C2/apres_check,0.95,20
ICL-over-folder-r1,ICL,Over-folder,1,4,J1/C1/ouverture,1.0,25
ICL-over-folder-r1,ICL,Over-folder,1,4,J2/C1/apres_check,1.0,26
ICL-over-folder-r1,ICL,Over-folder,1,5,J1/C2/ouverture,1.0,23
ICL-over-folder-r1,ICL,Over-folder,1,5,J2/C1/apres_check,0.9629629629629629,27
ICL-over-folder-r1,ICL,Over-folder,1,5,J1/C1/ouverture,1.0,25
ICL-over-folder-r1,ICL,Over-folder,1,5,J1/C0/ouverture,1.0,27
ICL-over-folder-r1,ICL,Over-folder,1,5,J2/C2/apres_check,1.0,25
ICL-over-folder-r1,ICL,Over-folder,1,5,J2/C0/apres_check,1.0,23
ICL-over-folder-r1,ICL,Over-folder,1,6,J1/C0/ouverture,1.0,25
ICL-over-folder-r1,ICL,Over-folder,1,6,J2/C2/apres_check,0.9047619047619048,21
ICL-over-folder-r1,ICL,Over-folder,1,6,J2/C0/apres_check,0.96875,32
ICL-over-folder-r1,ICL,Over-folder,1,6,J1/C2/ouverture,0.92,25
ICL-over-folder-r1,ICL,Over-folder,1,6,J1/C1/ouverture,1.0,25
ICL-over-folder-r1,ICL,Over-folder,1,6,J2/C1/apres_check,0.9090909090909091,22
ICL-over-folder-r1,ICL,Over-folder,1,7,J1/C0/ouverture,1.0,29
ICL-over-folder-r1,ICL,Over-folder,1,7,J2/C1/apres_check,1.0,20
ICL-over-folder-r1,ICL,Over-folder,1,7,J2/C2/apres_check,1.0,22
ICL-over-folder-r1,ICL,Over-folder,1,7,J1/C1/ouverture,1.0,24
ICL-over-folder-r1,ICL,Over-folder,1,7,J1/C2/ouverture,0.9090909090909091,22
ICL-over-folder-r1,ICL,Over-folder,1,7,J2/C0/apres_check,1.0,33
ICL-over-folder-r1,ICL,Over-folder,1,8,J1/C2/ouverture,0.9615384615384616,26
ICL-over-folder-r1,ICL,Over-folder,1,8,J2/C1/apres_check,1.0,28
ICL-over-folder-r1,ICL,Over-folder,1,8,J1/C1/ouverture,1.0,23
ICL-over-folder-r1,ICL,Over-folder,1,8,J2/C0/apres_check,1.0,30
ICL-over-folder-r1,ICL,Over-folder,1,8,J2/C2/apres_check,0.9411764705882353,17
ICL-over-folder-r1,ICL,Over-folder,1,8,J1/C0/ouverture,1.0,26
ICL-over-folder-r1,ICL,Over-folder,1,9,J1/C2/ouverture,1.0,25
ICL-over-folder-r1,ICL,Over-folder,1,9,J2/C1/apres_check,1.0,23
ICL-over-folder-r1,ICL,Over-folder,1,9,J1/C0/ouverture,1.0,36
ICL-over-folder-r1,ICL,Over-folder,1,9,J1/C1/ouverture,1.0,14
ICL-over-folder-r1,ICL,Over-folder,1,9,J2/C0/apres_check,1.0,25
ICL-over-folder-r1,ICL,Over-folder,1,9,J2/C2/apres_check,0.9629629629629629,27
ICL-station-r3,ICL,Station,3,0,J1/C0/ouverture,0.34782608695652173,23
ICL-station-r3,ICL,Station,3,0,J2/C1/apres_check,0.37037037037037035,27
ICL-station-r3,ICL,Station,3,0,J1/C1/ouverture,0.6086956521739131,23
ICL-station-r3,ICL,Station,3,0,J2/C2/apres_check,0.47368421052631576,19
ICL-station-r3,ICL,Station,3,0,J2/C0/apres_check,0.13793103448275862,29
ICL-station-r3,ICL,Station,3,0,J1/C2/ouverture,0.8275862068965517,29
ICL-station-r3,ICL,Station,3,1,J1/C1/ouverture,0.36,25
ICL-station-r3,ICL,Station,3,1,J2/C0/apres_check,0.34615384615384615,26
ICL-station-r3,ICL,Station,3,1,J2/C2/apres_check,0.9,30
ICL-station-r3,ICL,Station,3,1,J1/C0/ouverture,0.034482758620689655,29
ICL-station-r3,ICL,Station,3,1,J2/C1/apres_check,0.21052631578947367,19
ICL-station-r3,ICL,Station,3,1,J1/C2/ouverture,0.9047619047619048,21
ICL-station-r3,ICL,Station,3,2,J1/C1/ouverture,0.6774193548387096,31
ICL-station-r3,ICL,Station,3,2,J2/C0/apres_check,0.08333333333333333,24
ICL-station-r3,ICL,Station,3,2,J1/C0/ouverture,0.13043478260869565,23
ICL-station-r3,ICL,Station,3,2,J2/C1/apres_check,0.56,25
ICL-station-r3,ICL,Station,3,2,J2/C2/apres_check,0.9230769230769231,26
ICL-station-r3,ICL,Station,3,2,J1/C2/ouverture,0.9523809523809523,21
ICL-station-r3,ICL,Station,3,3,J1/C2/ouverture,1.0,35
ICL-station-r3,ICL,Station,3,3,J2/C0/apres_check,0.14814814814814814,27
ICL-station-r3,ICL,Station,3,3,J1/C0/ouverture,0.0,18
ICL-station-r3,ICL,Station,3,3,J2/C2/apres_check,0.7916666666666666,24
ICL-station-r3,ICL,Station,3,3,J2/C1/apres_check,0.5416666666666666,24
ICL-station-r3,ICL,Station,3,3,J1/C1/ouverture,0.5454545454545454,22
ICL-station-r3,ICL,Station,3,4,J1/C2/ouverture,0.9583333333333334,24
ICL-station-r3,ICL,Station,3,4,J2/C0/apres_check,0.0,36
ICL-station-r3,ICL,Station,3,4,J1/C1/ouverture,0.5,26
ICL-station-r3,ICL,Station,3,4,J2/C2/apres_check,0.8181818181818182,22
ICL-station-r3,ICL,Station,3,4,J2/C1/apres_check,0.4117647058823529,17
ICL-station-r3,ICL,Station,3,4,J1/C0/ouverture,0.08,25
ICL-station-r3,ICL,Station,3,5,J1/C1/ouverture,0.8333333333333334,24
ICL-station-r3,ICL,Station,3,5,J2/C2/apres_check,0.96,25
ICL-station-r3,ICL,Station,3,5,J1/C0/ouverture,0.0,21
ICL-station-r3,ICL,Station,3,5,J2/C0/apres_check,0.07692307692307693,26
ICL-station-r3,ICL,Station,3,5,J1/C2/ouverture,0.9333333333333333,30
ICL-station-r3,ICL,Station,3,5,J2/C1/apres_check,0.5833333333333334,24
ICL-station-r3,ICL,Station,3,6,J1/C2/ouverture,1.0,29
ICL-station-r3,ICL,Station,3,6,J2/C0/apres_check,0.05714285714285714,35
ICL-station-r3,ICL,Station,3,6,J1/C0/ouverture,0.0,25
ICL-station-r3,ICL,Station,3,6,J2/C1/apres_check,0.8571428571428571,21
ICL-station-r3,ICL,Station,3,6,J1/C1/ouverture,0.9047619047619048,21
ICL-station-r3,ICL,Station,3,6,J2/C2/apres_check,0.9473684210526315,19
ICL-station-r3,ICL,Station,3,7,J1/C0/ouverture,0.17857142857142858,28
ICL-station-r3,ICL,Station,3,7,J2/C1/apres_check,0.8260869565217391,23
ICL-station-r3,ICL,Station,3,7,J2/C0/apres_check,0.15384615384615385,26
ICL-station-r3,ICL,Station,3,7,J1/C2/ouverture,0.9583333333333334,24
ICL-station-r3,ICL,Station,3,7,J1/C1/ouverture,0.8260869565217391,23
ICL-station-r3,ICL,Station,3,7,J2/C2/apres_check,0.9230769230769231,26
ICL-station-r3,ICL,Station,3,8,J1/C1/ouverture,0.6153846153846154,26
ICL-station-r3,ICL,Station,3,8,J2/C0/apres_check,0.045454545454545456,22
ICL-station-r3,ICL,Station,3,8,J2/C2/apres_check,0.9047619047619048,21
ICL-station-r3,ICL,Station,3,8,J1/C2/ouverture,0.96,25
ICL-station-r3,ICL,Station,3,8,J2/C1/apres_check,0.6875,32
ICL-station-r3,ICL,Station,3,8,J1/C0/ouverture,0.16666666666666666,24
ICL-station-r3,ICL,Station,3,9,J1/C1/ouverture,0.4074074074074074,27
ICL-station-r3,ICL,Station,3,9,J2/C1/apres_check,0.625,24
ICL-station-r3,ICL,Station,3,9,J2/C0/apres_check,0.07407407407407407,27
ICL-station-r3,ICL,Station,3,9,J1/C2/ouverture,1.0,25
ICL-station-r3,ICL,Station,3,9,J2/C2/apres_check,0.875,24
ICL-station-r3,ICL,Station,3,9,J1/C0/ouverture,0.0,23
SM-over-folder-r2,SM,Over-folder,2,0,J1/C1/ouverture,0.35,20
SM-over-folder-r2,SM,Over-folder,2,0,J2/C1/apres_check,0.2222222222222222,27
SM-over-folder-r2,SM,Over-folder,2,0,J1/C0/ouverture,0.3793103448275862,29
SM-over-folder-r2,SM,Over-folder,2,0,J2/C2/apres_check,0.5925925925925926,27
SM-over-folder-r2,SM,Over-folder,2,0,J1/C2/ouverture,0.46153846153846156,26
SM-over-folder-r2,SM,Over-folder,2,0,J2/C0/apres_check,0.14285714285714285,21
SM-over-folder-r2,SM,Over-folder,2,1,J1/C2/ouverture,0.8571428571428571,28
SM-over-folder-r2,SM,Over-folder,2,1,J2/C2/apres_check,0.43478260869565216,23
SM-over-folder-r2,SM,Over-folder,2,1,J1/C1/ouverture,0.4074074074074074,27
SM-over-folder-r2,SM,Over-folder,2,1,J1/C0/ouverture,0.25,20
SM-over-folder-r2,SM,Over-folder,2,1,J2/C1/apres_check,0.3103448275862069,29
SM-over-folder-r2,SM,Over-folder,2,1,J2/C0/apres_check,0.21739130434782608,23
SM-over-folder-r2,SM,Over-folder,2,2,J1/C1/ouverture,0.5333333333333333,30
SM-over-folder-r2,SM,Over-folder,2,2,J2/C2/apres_check,0.56,25
SM-over-folder-r2,SM,Over-folder,2,2,J1/C0/ouverture,0.4583333333333333,24
SM-over-folder-r2,SM,Over-folder,2,2,J2/C0/apres_check,0.13636363636363635,22
SM-over-folder-r2,SM,Over-folder,2,2,J1/C2/ouverture,0.6190476190476191,21
SM-over-folder-r2,SM,Over-folder,2,2,J2/C1/apres_check,0.2857142857142857,28
AE-gto-r1,AE,GTO,1,0,J1/C2/ouverture,0.5909090909090909,22
AE-gto-r1,AE,GTO,1,0,J2/C0/apres_check,0.375,16
AE-gto-r1,AE,GTO,1,0,J2/C2/apres_check,0.4,25
AE-gto-r1,AE,GTO,1,0,J2/C0/face_mise,0.8,5
AE-gto-r1,AE,GTO,1,0,J1/C1/ouverture,0.5217391304347826,23
AE-gto-r1,AE,GTO,1,0,J2/C1/apres_check,0.25,8
AE-gto-r1,AE,GTO,1,0,J1/C1/face_mise_apres_check,1.0,5
AE-gto-r1,AE,GTO,1,0,J1/C0/ouverture,0.5333333333333333,30
AE-gto-r1,AE,GTO,1,0,J2/C1/face_mise,0.8333333333333334,18
AE-gto-r1,AE,GTO,1,0,J1/C0/face_mise_apres_check,1.0,3
AE-gto-r1,AE,GTO,1,0,J2/C2/face_mise,0.6666666666666666,3
AE-gto-r1,AE,GTO,1,1,J1/C0/ouverture,0.0,25
AE-gto-r1,AE,GTO,1,1,J1/C0/face_mise_apres_check,0.18181818181818182,11
AE-gto-r1,AE,GTO,1,1,J2/C1/face_mise,0.15384615384615385,13
AE-gto-r1,AE,GTO,1,1,J1/C1/ouverture,0.28,25
AE-gto-r1,AE,GTO,1,1,J2/C0/apres_check,0.13333333333333333,15
AE-gto-r1,AE,GTO,1,1,J2/C0/face_mise,0.1,10
AE-gto-r1,AE,GTO,1,1,J2/C2/apres_check,0.9523809523809523,21
AE-gto-r1,AE,GTO,1,1,J1/C2/ouverture,1.0,25
AE-gto-r1,AE,GTO,1,1,J1/C1/face_mise_apres_check,0.0,11
AE-gto-r1,AE,GTO,1,1,J2/C2/face_mise,0.8888888888888888,9
AE-gto-r1,AE,GTO,1,1,J2/C1/apres_check,1.0,7
AE-gto-r1,AE,GTO,1,2,J1/C0/ouverture,0.0,25
AE-gto-r1,AE,GTO,1,2,J2/C0/apres_check,0.0,16
AE-gto-r1,AE,GTO,1,2,J1/C1/ouverture,0.0,26
AE-gto-r1,AE,GTO,1,2,J1/C1/face_mise_apres_check,0.6666666666666666,24
AE-gto-r1,AE,GTO,1,2,J2/C1/face_mise,0.8181818181818182,11
AE-gto-r1,AE,GTO,1,2,J1/C0/face_mise_apres_check,0.0,8
AE-gto-r1,AE,GTO,1,2,J2/C0/face_mise,0.0,17
AE-gto-r1,AE,GTO,1,2,J1/C2/ouverture,1.0,24
AE-gto-r1,AE,GTO,1,2,J2/C2/apres_check,1.0,22
AE-gto-r1,AE,GTO,1,2,J2/C2/face_mise,1.0,8
AE-gto-r1,AE,GTO,1,2,J2/C1/apres_check,0.0,1
AE-gto-r1,AE,GTO,1,3,J1/C2/ouverture,1.0,27
AE-gto-r1,AE,GTO,1,3,J2/C2/apres_check,1.0,22
AE-gto-r1,AE,GTO,1,3,J1/C0/ouverture,0.0,24
AE-gto-r1,AE,GTO,1,3,J1/C0/face_mise_apres_check,0.0,14
AE-gto-r1,AE,GTO,1,3,J2/C1/face_mise,0.05263157894736842,19
AE-gto-r1,AE,GTO,1,3,J1/C1/ouverture,0.8333333333333334,24
AE-gto-r1,AE,GTO,1,3,J2/C0/face_mise,0.0,10
AE-gto-r1,AE,GTO,1,3,J2/C0/apres_check,0.0,16
AE-gto-r1,AE,GTO,1,3,J2/C1/apres_check,1.0,5
AE-gto-r1,AE,GTO,1,3,J1/C1/face_mise_apres_check,0.25,4
AE-gto-r1,AE,GTO,1,3,J2/C2/face_mise,1.0,3
AE-gto-r1,AE,GTO,1,4,J1/C2/ouverture,1.0,26
AE-gto-r1,AE,GTO,1,4,J2/C0/apres_check,0.0,13
AE-gto-r1,AE,GTO,1,4,J1/C0/ouverture,0.0,24
AE-gto-r1,AE,GTO,1,4,J1/C0/face_mise_apres_check,0.0,16
AE-gto-r1,AE,GTO,1,4,J2/C2/apres_check,1.0,20
AE-gto-r1,AE,GTO,1,4,J1/C1/ouverture,0.0,25
AE-gto-r1,AE,GTO,1,4,J1/C1/face_mise_apres_check,0.5882352941176471,17
AE-gto-r1,AE,GTO,1,4,J2/C1/face_mise,0.11764705882352941,17
AE-gto-r1,AE,GTO,1,4,J2/C0/face_mise,0.0,16
AE-gto-r1,AE,GTO,1,4,J2/C1/apres_check,0.5555555555555556,9
AE-gto-r1,AE,GTO,1,5,J1/C2/ouverture,1.0,23
AE-gto-r1,AE,GTO,1,5,J2/C1/face_mise,0.13043478260869565,23
AE-gto-r1,AE,GTO,1,5,J1/C1/ouverture,0.0,25
AE-gto-r1,AE,GTO,1,5,J1/C1/face_mise_apres_check,0.8235294117647058,17
AE-gto-r1,AE,GTO,1,5,J1/C0/ouverture,0.0,27
AE-gto-r1,AE,GTO,1,5,J2/C1/apres_check,0.5,4
AE-gto-r1,AE,GTO,1,5,J2/C2/face_mise,1.0,4
AE-gto-r1,AE,GTO,1,5,J2/C0/apres_check,0.45454545454545453,11
AE-gto-r1,AE,GTO,1,5,J2/C0/face_mise,0.0,12
AE-gto-r1,AE,GTO,1,5,J1/C0/face_mise_apres_check,0.0,10
AE-gto-r1,AE,GTO,1,5,J2/C2/apres_check,1.0,21
AE-gto-r1,AE,GTO,1,6,J1/C0/ouverture,0.0,25
AE-gto-r1,AE,GTO,1,6,J1/C0/face_mise_apres_check,0.0,14
AE-gto-r1,AE,GTO,1,6,J2/C2/apres_check,1.0,19
AE-gto-r1,AE,GTO,1,6,J2/C0/apres_check,0.0,15
AE-gto-r1,AE,GTO,1,6,J1/C2/ouverture,1.0,25
AE-gto-r1,AE,GTO,1,6,J2/C0/face_mise,0.0,17
AE-gto-r1,AE,GTO,1,6,J1/C1/ouverture,0.32,25
AE-gto-r1,AE,GTO,1,6,J1/C1/face_mise_apres_check,0.0,10
AE-gto-r1,AE,GTO,1,6,J2/C1/face_mise,0.0,17
AE-gto-r1,AE,GTO,1,6,J2/C1/apres_check,0.8,5
AE-gto-r1,AE,GTO,1,6,J2/C2/face_mise,1.0,2
AE-gto-r1,AE,GTO,1,7,J1/C0/ouverture,0.7931034482758621,29
AE-gto-r1,AE,GTO,1,7,J2/C1/face_mise,0.0,12
AE-gto-r1,AE,GTO,1,7,J2/C2/apres_check,1.0,17
AE-gto-r1,AE,GTO,1,7,J1/C1/ouverture,0.4583333333333333,24
AE-gto-r1,AE,GTO,1,7,J1/C1/face_mise_apres_check,0.125,8
AE-gto-r1,AE,GTO,1,7,J1/C2/ouverture,1.0,22
AE-gto-r1,AE,GTO,1,7,J2/C0/apres_check,0.14285714285714285,21
AE-gto-r1,AE,GTO,1,7,J1/C0/face_mise_apres_check,0.0,2
AE-gto-r1,AE,GTO,1,7,J2/C0/face_mise,0.0,12
AE-gto-r1,AE,GTO,1,7,J2/C2/face_mise,1.0,5
AE-gto-r1,AE,GTO,1,7,J2/C1/apres_check,0.75,8
AE-gto-r1,AE,GTO,1,8,J1/C2/ouverture,1.0,26
AE-gto-r1,AE,GTO,1,8,J2/C1/apres_check,0.8571428571428571,7
AE-gto-r1,AE,GTO,1,8,J1/C1/ouverture,0.6956521739130435,23
AE-gto-r1,AE,GTO,1,8,J2/C1/face_mise,0.23809523809523808,21
AE-gto-r1,AE,GTO,1,8,J2/C0/apres_check,0.23529411764705882,17
AE-gto-r1,AE,GTO,1,8,J2/C0/face_mise,0.0,13
AE-gto-r1,AE,GTO,1,8,J1/C1/face_mise_apres_check,0.5,2
AE-gto-r1,AE,GTO,1,8,J2/C2/apres_check,0.9375,16
AE-gto-r1,AE,GTO,1,8,J1/C0/ouverture,0.46153846153846156,26
AE-gto-r1,AE,GTO,1,8,J1/C0/face_mise_apres_check,0.14285714285714285,7
AE-gto-r1,AE,GTO,1,8,J2/C2/face_mise,1.0,1
AE-gto-r1,AE,GTO,1,9,J1/C2/ouverture,1.0,25
AE-gto-r1,AE,GTO,1,9,J2/C1/face_mise,0.0,14
AE-gto-r1,AE,GTO,1,9,J1/C0/ouverture,0.0,36
AE-gto-r1,AE,GTO,1,9,J1/C0/face_mise_apres_check,0.05263157894736842,19
AE-gto-r1,AE,GTO,1,9,J1/C1/ouverture,0.0,14
AE-gto-r1,AE,GTO,1,9,J1/C1/face_mise_apres_check,0.0,7
AE-gto-r1,AE,GTO,1,9,J2/C0/apres_check,0.21428571428571427,14
AE-gto-r1,AE,GTO,1,9,J2/C2/face_mise,0.875,8
AE-gto-r1,AE,GTO,1,9,J2/C2/apres_check,1.0,19
AE-gto-r1,AE,GTO,1,9,J2/C0/face_mise,0.0,11
AE-gto-r1,AE,GTO,1,9,J2/C1/apres_check,0.0,9
AE-gto-r3,AE,GTO,3,0,J1/C0/ouverture,0.391304347826087,23
AE-gto-r3,AE,GTO,3,0,J1/C0/face_mise_apres_check,0.7,10
AE-gto-r3,AE,GTO,3,0,J2/C1/face_mise,0.6363636363636364,22
AE-gto-r3,AE,GTO,3,0,J2/C1/apres_check,0.6,5
AE-gto-r3,AE,GTO,3,0,J1/C1/ouverture,0.30434782608695654,23
AE-gto-r3,AE,GTO,3,0,J2/C2/face_mise,1.0,3
AE-gto-r3,AE,GTO,3,0,J2/C0/face_mise,0.5625,16
AE-gto-r3,AE,GTO,3,0,J2/C2/apres_check,0.4375,16
AE-gto-r3,AE,GTO,3,0,J1/C2/ouverture,0.5517241379310345,29
AE-gto-r3,AE,GTO,3,0,J1/C2/face_mise_apres_check,1.0,2
AE-gto-r3,AE,GTO,3,0,J2/C0/apres_check,0.38461538461538464,13
AE-gto-r3,AE,GTO,3,0,J1/C1/face_mise_apres_check,0.875,8
AE-gto-r3,AE,GTO,3,1,J1/C1/ouverture,0.08,25
AE-gto-r3,AE,GTO,3,1,J1/C1/face_mise_apres_check,0.18181818181818182,11
AE-gto-r3,AE,GTO,3,1,J2/C0/apres_check,0.13333333333333333,15
AE-gto-r3,AE,GTO,3,1,J2/C2/apres_check,1.0,26
AE-gto-r3,AE,GTO,3,1,J1/C0/ouverture,0.10344827586206896,29
AE-gto-r3,AE,GTO,3,1,J1/C0/face_mise_apres_check,0.0,12
AE-gto-r3,AE,GTO,3,1,J2/C1/face_mise,0.17647058823529413,17
AE-gto-r3,AE,GTO,3,1,J2/C0/face_mise,0.0,11
AE-gto-r3,AE,GTO,3,1,J1/C2/ouverture,1.0,21
AE-gto-r3,AE,GTO,3,1,J2/C2/face_mise,1.0,4
AE-gto-r3,AE,GTO,3,1,J2/C1/apres_check,1.0,2
AE-gto-r3,AE,GTO,3,2,J1/C1/ouverture,0.3870967741935484,31
AE-gto-r3,AE,GTO,3,2,J1/C1/face_mise_apres_check,0.0,11
AE-gto-r3,AE,GTO,3,2,J2/C0/face_mise,0.0,13
AE-gto-r3,AE,GTO,3,2,J1/C0/ouverture,0.043478260869565216,23
AE-gto-r3,AE,GTO,3,2,J1/C0/face_mise_apres_check,0.0,15
AE-gto-r3,AE,GTO,3,2,J2/C1/apres_check,0.09090909090909091,11
AE-gto-r3,AE,GTO,3,2,J2/C2/face_mise,1.0,8
AE-gto-r3,AE,GTO,3,2,J2/C2/apres_check,1.0,18
AE-gto-r3,AE,GTO,3,2,J1/C2/ouverture,1.0,21
AE-gto-r3,AE,GTO,3,2,J2/C1/face_mise,0.0,14
AE-gto-r3,AE,GTO,3,2,J2/C0/apres_check,0.0,11
AE-gto-r3,AE,GTO,3,3,J1/C2/ouverture,1.0,35
AE-gto-r3,AE,GTO,3,3,J2/C0/apres_check,0.07692307692307693,13
AE-gto-r3,AE,GTO,3,3,J1/C0/ouverture,0.0,18
AE-gto-r3,AE,GTO,3,3,J1/C0/face_mise_apres_check,0.0,9
AE-gto-r3,AE,GTO,3,3,J2/C2/apres_check,1.0,20
AE-gto-r3,AE,GTO,3,3,J2/C1/face_mise,0.0,17
AE-gto-r3,AE,GTO,3,3,J2/C0/face_mise,0.07142857142857142,14
AE-gto-r3,AE,GTO,3,3,J1/C1/ouverture,0.5909090909090909,22
AE-gto-r3,AE,GTO,3,3,J2/C2/face_mise,0.75,4
AE-gto-r3,AE,GTO,3,3,J1/C1/face_mise_apres_check,0.0,7
AE-gto-r3,AE,GTO,3,3,J2/C1/apres_check,0.0,7
AE-gto-r3,AE,GTO,3,4,J1/C2/ouverture,1.0,24
AE-gto-r3,AE,GTO,3,4,J2/C0/face_mise,0.25,20
AE-gto-r3,AE,GTO,3,4,J1/C1/ouverture,0.8076923076923077,26
AE-gto-r3,AE,GTO,3,4,J2/C0/apres_check,0.0625,16
AE-gto-r3,AE,GTO,3,4,J2/C2/apres_check,1.0,18
AE-gto-r3,AE,GTO,3,4,J2/C1/apres_check,0.0,9
AE-gto-r3,AE,GTO,3,4,J1/C0/ouverture,0.32,25
AE-gto-r3,AE,GTO,3,4,J2/C1/face_mise,0.375,8
AE-gto-r3,AE,GTO,3,4,J1/C0/face_mise_apres_check,0.4444444444444444,9
AE-gto-r3,AE,GTO,3,4,J1/C1/face_mise_apres_check,0.3333333333333333,3
AE-gto-r3,AE,GTO,3,4,J2/C2/face_mise,1.0,4
AE-gto-r3,AE,GTO,3,5,J1/C1/ouverture,1.0,24
AE-gto-r3,AE,GTO,3,5,J2/C2/apres_check,1.0,21
AE-gto-r3,AE,GTO,3,5,J1/C0/ouverture,0.0,21
AE-gto-r3,AE,GTO,3,5,J2/C0/face_mise,0.08333333333333333,12
AE-gto-r3,AE,GTO,3,5,J1/C2/ouverture,1.0,30
AE-gto-r3,AE,GTO,3,5,J2/C2/face_mise,0.75,4
AE-gto-r3,AE,GTO,3,5,J2/C1/apres_check,0.0,11
AE-gto-r3,AE,GTO,3,5,J2/C0/apres_check,0.0,14
AE-gto-r3,AE,GTO,3,5,J2/C1/face_mise,0.6923076923076923,13
AE-gto-r3,AE,GTO,3,5,J1/C0/face_mise_apres_check,0.1,10
AE-gto-r3,AE,GTO,3,6,J1/C2/ouverture,1.0,29
AE-gto-r3,AE,GTO,3,6,J2/C0/apres_check,0.0,20
AE-gto-r3,AE,GTO,3,6,J1/C0/ouverture,0.0,25
AE-gto-r3,AE,GTO,3,6,J2/C0/face_mise,0.0,15
AE-gto-r3,AE,GTO,3,6,J2/C1/apres_check,0.0,8
AE-gto-r3,AE,GTO,3,6,J1/C0/face_mise_apres_check,0.08333333333333333,12
AE-gto-r3,AE,GTO,3,6,J1/C1/ouverture,0.8095238095238095,21
AE-gto-r3,AE,GTO,3,6,J2/C2/apres_check,1.0,18
AE-gto-r3,AE,GTO,3,6,J2/C1/face_mise,0.6923076923076923,13
AE-gto-r3,AE,GTO,3,6,J1/C1/face_mise_apres_check,0.3333333333333333,3
AE-gto-r3,AE,GTO,3,6,J2/C2/face_mise,1.0,1
AE-gto-r3,AE,GTO,3,7,J1/C0/ouverture,0.03571428571428571,28
AE-gto-r3,AE,GTO,3,7,J1/C0/face_mise_apres_check,0.3333333333333333,15
AE-gto-r3,AE,GTO,3,7,J2/C1/face_mise,0.7647058823529411,17
AE-gto-r3,AE,GTO,3,7,J2/C0/apres_check,0.5,10
AE-gto-r3,AE,GTO,3,7,J1/C2/ouverture,1.0,24
AE-gto-r3,AE,GTO,3,7,J1/C1/ouverture,0.0,23
AE-gto-r3,AE,GTO,3,7,J1/C1/face_mise_apres_check,0.8421052631578947,19
AE-gto-r3,AE,GTO,3,7,J2/C2/apres_check,1.0,22
AE-gto-r3,AE,GTO,3,7,J2/C1/apres_check,0.0,6
AE-gto-r3,AE,GTO,3,7,J2/C0/face_mise,0.8125,16
AE-gto-r3,AE,GTO,3,7,J2/C2/face_mise,1.0,4
AE-gto-r3,AE,GTO,3,8,J1/C1/ouverture,0.9230769230769231,26
AE-gto-r3,AE,GTO,3,8,J2/C0/face_mise,0.0,12
AE-gto-r3,AE,GTO,3,8,J2/C2/apres_check,1.0,18
AE-gto-r3,AE,GTO,3,8,J1/C2/ouverture,1.0,25
AE-gto-r3,AE,GTO,3,8,J2/C1/face_mise,0.0,20
AE-gto-r3,AE,GTO,3,8,J2/C0/apres_check,0.7,10
AE-gto-r3,AE,GTO,3,8,J1/C0/ouverture,0.4166666666666667,24
AE-gto-r3,AE,GTO,3,8,J1/C0/face_mise_apres_check,0.0,5
AE-gto-r3,AE,GTO,3,8,J2/C1/apres_check,0.9166666666666666,12
AE-gto-r3,AE,GTO,3,8,J1/C1/face_mise_apres_check,0.0,2
AE-gto-r3,AE,GTO,3,8,J2/C2/face_mise,1.0,3
AE-gto-r3,AE,GTO,3,9,J1/C1/ouverture,0.37037037037037035,27
AE-gto-r3,AE,GTO,3,9,J2/C1/face_mise,0.0,16
AE-gto-r3,AE,GTO,3,9,J1/C1/face_mise_apres_check,0.125,8
AE-gto-r3,AE,GTO,3,9,J2/C0/face_mise,0.0,13
AE-gto-r3,AE,GTO,3,9,J1/C2/ouverture,1.0,25
AE-gto-r3,AE,GTO,3,9,J2/C2/apres_check,1.0,21
AE-gto-r3,AE,GTO,3,9,J1/C0/ouverture,0.08695652173913043,23
AE-gto-r3,AE,GTO,3,9,J2/C0/apres_check,0.21428571428571427,14
AE-gto-r3,AE,GTO,3,9,J2/C2/face_mise,1.0,3
AE-gto-r3,AE,GTO,3,9,J1/C0/face_mise_apres_check,0.0,14
AE-gto-r3,AE,GTO,3,9,J2/C1/apres_check,0.375,8
ICL-station-r2,ICL,Station,2,0,J1/C1/ouverture,0.3,20
ICL-station-r2,ICL,Station,2,0,J2/C1/apres_check,0.25925925925925924,27
ICL-station-r2,ICL,Station,2,0,J1/C0/ouverture,0.3793103448275862,29
ICL-station-r2,ICL,Station,2,0,J2/C2/apres_check,0.48148148148148145,27
ICL-station-r2,ICL,Station,2,0,J1/C2/ouverture,0.6153846153846154,26
ICL-station-r2,ICL,Station,2,0,J2/C0/apres_check,0.2857142857142857,21
ICL-station-r2,ICL,Station,2,1,J1/C2/ouverture,1.0,28
ICL-station-r2,ICL,Station,2,1,J2/C2/apres_check,0.9565217391304348,23
ICL-station-r2,ICL,Station,2,1,J1/C1/ouverture,0.37037037037037035,27
ICL-station-r2,ICL,Station,2,1,J1/C0/ouverture,0.0,20
ICL-station-r2,ICL,Station,2,1,J2/C1/apres_check,0.7241379310344828,29
ICL-station-r2,ICL,Station,2,1,J2/C0/apres_check,0.21739130434782608,23
ICL-station-r2,ICL,Station,2,2,J1/C1/ouverture,0.36666666666666664,30
ICL-station-r2,ICL,Station,2,2,J2/C2/apres_check,1.0,25
ICL-station-r2,ICL,Station,2,2,J1/C0/ouverture,0.041666666666666664,24
ICL-station-r2,ICL,Station,2,2,J2/C0/apres_check,0.18181818181818182,22
ICL-station-r2,ICL,Station,2,2,J1/C2/ouverture,1.0,21
ICL-station-r2,ICL,Station,2,2,J2/C1/apres_check,0.7142857142857143,28
ICL-station-r2,ICL,Station,2,3,J1/C2/ouverture,0.8928571428571429,28
ICL-station-r2,ICL,Station,2,3,J2/C0/apres_check,0.10344827586206896,29
ICL-station-r2,ICL,Station,2,3,J1/C1/ouverture,0.23809523809523808,21
ICL-station-r2,ICL,Station,2,3,J2/C1/apres_check,0.7894736842105263,19
ICL-station-r2,ICL,Station,2,3,J1/C0/ouverture,0.038461538461538464,26
ICL-station-r2,ICL,Station,2,3,J2/C2/apres_check,0.9629629629629629,27
ICL-station-r2,ICL,Station,2,4,J1/C2/ouverture,1.0,30
ICL-station-r2,ICL,Station,2,4,J2/C1/apres_check,0.5217391304347826,23
ICL-station-r2,ICL,Station,2,4,J1/C1/ouverture,0.17647058823529413,17
ICL-station-r2,ICL,Station,2,4,J2/C0/apres_check,0.041666666666666664,24
ICL-station-r2,ICL,Station,2,4,J2/C2/apres_check,0.8928571428571429,28
ICL-station-r2,ICL,Station,2,4,J1/C0/ouverture,0.14285714285714285,28
ICL-station-r2,ICL,Station,2,5,J1/C1/ouverture,0.44,25
ICL-station-r2,ICL,Station,2,5,J2/C0/apres_check,0.05,20
ICL-station-r2,ICL,Station,2,5,J1/C2/ouverture,1.0,27
ICL-station-r2,ICL,Station,2,5,J2/C1/apres_check,0.7096774193548387,31
ICL-station-r2,ICL,Station,2,5,J1/C0/ouverture,0.0,23
ICL-station-r2,ICL,Station,2,5,J2/C2/apres_check,1.0,24
ICL-station-r2,ICL,Station,2,6,J1/C1/ouverture,0.6857142857142857,35
ICL-station-r2,ICL,Station,2,6,J2/C0/apres_check,0.07692307692307693,26
ICL-station-r2,ICL,Station,2,6,J1/C2/ouverture,1.0,18
ICL-station-r2,ICL,Station,2,6,J1/C0/ouverture,0.13636363636363635,22
ICL-station-r2,ICL,Station,2,6,J2/C1/apres_check,0.5652173913043478,23
ICL-station-r2,ICL,Station,2,6,J2/C2/apres_check,1.0,26
ICL-station-r2,ICL,Station,2,7,J1/C0/ouverture,0.07692307692307693,26
ICL-station-r2,ICL,Station,2,7,J2/C1/apres_check,0.65,20
ICL-station-r2,ICL,Station,2,7,J1/C1/ouverture,0.375,24
ICL-station-r2,ICL,Station,2,7,J2/C0/apres_check,0.18518518518518517,27
ICL-station-r2,ICL,Station,2,7,J2/C2/apres_check,0.8928571428571429,28
ICL-station-r2,ICL,Station,2,7,J1/C2/ouverture,0.96,25
ICL-station-r2,ICL,Station,2,8,J1/C2/ouverture,0.96,25
ICL-station-r2,ICL,Station,2,8,J2/C0/apres_check,0.14285714285714285,21
ICL-station-r2,ICL,Station,2,8,J1/C0/ouverture,0.03571428571428571,28
ICL-station-r2,ICL,Station,2,8,J2/C1/apres_check,0.48,25
ICL-station-r2,ICL,Station,2,8,J2/C2/apres_check,1.0,29
ICL-station-r2,ICL,Station,2,8,J1/C1/ouverture,0.6363636363636364,22
ICL-station-r2,ICL,Station,2,9,J1/C0/ouverture,0.05555555555555555,18
ICL-station-r2,ICL,Station,2,9,J2/C1/apres_check,0.7142857142857143,21
ICL-station-r2,ICL,Station,2,9,J1/C1/ouverture,0.7692307692307693,26
ICL-station-r2,ICL,Station,2,9,J2/C2/apres_check,0.9642857142857143,28
ICL-station-r2,ICL,Station,2,9,J1/C2/ouverture,1.0,31
ICL-station-r2,ICL,Station,2,9,J2/C0/apres_check,0.0,26
SM-station-r2,SM,Station,2,0,J1/C1/ouverture,0.55,20
SM-station-r2,SM,Station,2,0,J2/C1/apres_check,0.3333333333333333,27
SM-station-r2,SM,Station,2,0,J1/C0/ouverture,0.2413793103448276,29
SM-station-r2,SM,Station,2,0,J2/C2/apres_check,0.5555555555555556,27
SM-station-r2,SM,Station,2,0,J1/C2/ouverture,0.7307692307692307,26
SM-station-r2,SM,Station,2,0,J2/C0/apres_check,0.09523809523809523,21
SM-station-r2,SM,Station,2,1,J1/C2/ouverture,0.6428571428571429,28
SM-station-r2,SM,Station,2,1,J2/C2/apres_check,0.4782608695652174,23
SM-station-r2,SM,Station,2,1,J1/C1/ouverture,0.4074074074074074,27
SM-station-r2,SM,Station,2,1,J1/C0/ouverture,0.35,20
SM-station-r2,SM,Station,2,1,J2/C1/apres_check,0.27586206896551724,29
SM-station-r2,SM,Station,2,1,J2/C0/apres_check,0.2608695652173913,23
SM-station-r2,SM,Station,2,2,J1/C1/ouverture,0.5,30
SM-station-r2,SM,Station,2,2,J2/C2/apres_check,0.52,25
SM-station-r2,SM,Station,2,2,J1/C0/ouverture,0.2916666666666667,24
SM-station-r2,SM,Station,2,2,J2/C0/apres_check,0.13636363636363635,22
SM-station-r2,SM,Station,2,2,J1/C2/ouverture,0.7142857142857143,21
SM-station-r2,SM,Station,2,2,J2/C1/apres_check,0.39285714285714285,28
ICL-station-r1,ICL,Station,1,0,J1/C2/ouverture,0.7727272727272727,22
ICL-station-r1,ICL,Station,1,0,J2/C0/apres_check,0.0,21
ICL-station-r1,ICL,Station,1,0,J2/C2/apres_check,0.6785714285714286,28
ICL-station-r1,ICL,Station,1,0,J1/C1/ouverture,0.43478260869565216,23
ICL-station-r1,ICL,Station,1,0,J2/C1/apres_check,0.2692307692307692,26
ICL-station-r1,ICL,Station,1,0,J1/C0/ouverture,0.3333333333333333,30
ICL-station-r1,ICL,Station,1,1,J1/C0/ouverture,0.0,25
ICL-station-r1,ICL,Station,1,1,J2/C1/apres_check,0.65,20
ICL-station-r1,ICL,Station,1,1,J1/C1/ouverture,0.52,25
ICL-station-r1,ICL,Station,1,1,J2/C0/apres_check,0.12,25
ICL-station-r1,ICL,Station,1,1,J2/C2/apres_check,0.9666666666666667,30
ICL-station-r1,ICL,Station,1,1,J1/C2/ouverture,0.92,25
ICL-station-r1,ICL,Station,1,2,J1/C0/ouverture,0.0,25
ICL-station-r1,ICL,Station,1,2,J2/C0/apres_check,0.21212121212121213,33
ICL-station-r1,ICL,Station,1,2,J1/C1/ouverture,0.5769230769230769,26
ICL-station-r1,ICL,Station,1,2,J2/C1/apres_check,0.6666666666666666,12
ICL-station-r1,ICL,Station,1,2,J1/C2/ouverture,0.9166666666666666,24
ICL-station-r1,ICL,Station,1,2,J2/C2/apres_check,0.8333333333333334,30
ICL-station-r1,ICL,Station,1,3,J1/C2/ouverture,0.9629629629629629,27
ICL-station-r1,ICL,Station,1,3,J2/C2/apres_check,0.88,25
ICL-station-r1,ICL,Station,1,3,J1/C0/ouverture,0.08333333333333333,24
ICL-station-r1,ICL,Station,1,3,J2/C1/apres_check,0.5,24
ICL-station-r1,ICL,Station,1,3,J1/C1/ouverture,0.5416666666666666,24
ICL-station-r1,ICL,Station,1,3,J2/C0/apres_check,0.19230769230769232,26
ICL-station-r1,ICL,Station,1,4,J1/C2/ouverture,0.9230769230769231,26
ICL-station-r1,ICL,Station,1,4,J2/C0/apres_check,0.20689655172413793,29
ICL-station-r1,ICL,Station,1,4,J1/C0/ouverture,0.041666666666666664,24
ICL-station-r1,ICL,Station,1,4,J2/C2/apres_check,0.9,20
ICL-station-r1,ICL,Station,1,4,J1/C1/ouverture,0.28,25
ICL-station-r1,ICL,Station,1,4,J2/C1/apres_check,0.6923076923076923,26
ICL-station-r1,ICL,Station,1,5,J1/C2/ouverture,0.9565217391304348,23
ICL-station-r1,ICL,Station,1,5,J2/C1/apres_check,0.5555555555555556,27
ICL-station-r1,ICL,Station,1,5,J1/C1/ouverture,0.36,25
ICL-station-r1,ICL,Station,1,5,J1/C0/ouverture,0.037037037037037035,27
ICL-station-r1,ICL,Station,1,5,J2/C2/apres_check,0.96,25
ICL-station-r1,ICL,Station,1,5,J2/C0/apres_check,0.17391304347826086,23
ICL-station-r1,ICL,Station,1,6,J1/C0/ouverture,0.04,25
ICL-station-r1,ICL,Station,1,6,J2/C2/apres_check,0.9047619047619048,21
ICL-station-r1,ICL,Station,1,6,J2/C0/apres_check,0.03125,32
ICL-station-r1,ICL,Station,1,6,J1/C2/ouverture,0.84,25
ICL-station-r1,ICL,Station,1,6,J1/C1/ouverture,0.64,25
ICL-station-r1,ICL,Station,1,6,J2/C1/apres_check,0.45454545454545453,22
ICL-station-r1,ICL,Station,1,7,J1/C0/ouverture,0.034482758620689655,29
ICL-station-r1,ICL,Station,1,7,J2/C1/apres_check,0.5,20
ICL-station-r1,ICL,Station,1,7,J2/C2/apres_check,1.0,22
ICL-station-r1,ICL,Station,1,7,J1/C1/ouverture,0.4166666666666667,24
ICL-station-r1,ICL,Station,1,7,J1/C2/ouverture,1.0,22
ICL-station-r1,ICL,Station,1,7,J2/C0/apres_check,0.21212121212121213,33
ICL-station-r1,ICL,Station,1,8,J1/C2/ouverture,1.0,26
ICL-station-r1,ICL,Station,1,8,J2/C1/apres_check,0.4642857142857143,28
ICL-station-r1,ICL,Station,1,8,J1/C1/ouverture,0.5217391304347826,23
ICL-station-r1,ICL,Station,1,8,J2/C0/apres_check,0.06666666666666667,30
ICL-station-r1,ICL,Station,1,8,J2/C2/apres_check,0.9411764705882353,17
ICL-station-r1,ICL,Station,1,8,J1/C0/ouverture,0.038461538461538464,26
ICL-station-r1,ICL,Station,1,9,J1/C2/ouverture,1.0,25
ICL-station-r1,ICL,Station,1,9,J2/C1/apres_check,0.2608695652173913,23
ICL-station-r1,ICL,Station,1,9,J1/C0/ouverture,0.027777777777777776,36
ICL-station-r1,ICL,Station,1,9,J1/C1/ouverture,0.5,14
ICL-station-r1,ICL,Station,1,9,J2/C0/apres_check,0.04,25
ICL-station-r1,ICL,Station,1,9,J2/C2/apres_check,0.9259259259259259,27
SM-gto-r1,SM,GTO,1,0,J1/C2/ouverture,0.5454545454545454,22
SM-gto-r1,SM,GTO,1,0,J2/C0/apres_check,0.3125,16
SM-gto-r1,SM,GTO,1,0,J2/C2/apres_check,0.44,25
SM-gto-r1,SM,GTO,1,0,J2/C0/face_mise,1.0,5
SM-gto-r1,SM,GTO,1,0,J1/C1/ouverture,0.391304347826087,23
SM-gto-r1,SM,GTO,1,0,J2/C1/apres_check,0.25,8
SM-gto-r1,SM,GTO,1,0,J1/C1/face_mise_apres_check,1.0,8
SM-gto-r1,SM,GTO,1,0,J1/C0/ouverture,0.4,30
SM-gto-r1,SM,GTO,1,0,J1/C0/face_mise_apres_check,0.875,8
SM-gto-r1,SM,GTO,1,0,J2/C1/face_mise,0.7777777777777778,18
SM-gto-r1,SM,GTO,1,0,J2/C2/face_mise,1.0,3
SM-gto-r1,SM,GTO,1,1,J1/C0/ouverture,0.2,25
SM-gto-r1,SM,GTO,1,1,J1/C0/face_mise_apres_check,0.7777777777777778,9
SM-gto-r1,SM,GTO,1,1,J2/C1/face_mise,0.7692307692307693,13
SM-gto-r1,SM,GTO,1,1,J1/C1/ouverture,0.4,25
SM-gto-r1,SM,GTO,1,1,J2/C0/apres_check,0.13333333333333333,15
SM-gto-r1,SM,GTO,1,1,J2/C0/face_mise,0.6,10
SM-gto-r1,SM,GTO,1,1,J2/C2/apres_check,0.5238095238095238,21
SM-gto-r1,SM,GTO,1,1,J1/C2/ouverture,0.68,25
SM-gto-r1,SM,GTO,1,1,J1/C1/face_mise_apres_check,1.0,9
SM-gto-r1,SM,GTO,1,1,J2/C2/face_mise,0.7777777777777778,9
SM-gto-r1,SM,GTO,1,1,J2/C1/apres_check,0.2857142857142857,7
SM-gto-r1,SM,GTO,1,1,J1/C2/face_mise_apres_check,1.0,1
SM-gto-r1,SM,GTO,1,2,J1/C0/ouverture,0.36,25
SM-gto-r1,SM,GTO,1,2,J2/C0/apres_check,0.375,16
SM-gto-r1,SM,GTO,1,2,J1/C1/ouverture,0.4230769230769231,26
SM-gto-r1,SM,GTO,1,2,J1/C1/face_mise_apres_check,0.9285714285714286,14
SM-gto-r1,SM,GTO,1,2,J2/C1/face_mise,0.7272727272727273,11
SM-gto-r1,SM,GTO,1,2,J2/C0/face_mise,0.7058823529411765,17
SM-gto-r1,SM,GTO,1,2,J1/C2/ouverture,0.4583333333333333,24
SM-gto-r1,SM,GTO,1,2,J2/C2/apres_check,0.5,22
SM-gto-r1,SM,GTO,1,2,J1/C2/face_mise_apres_check,0.5,2
SM-gto-r1,SM,GTO,1,2,J1/C0/face_mise_apres_check,0.8333333333333334,6
SM-gto-r1,SM,GTO,1,2,J2/C2/face_mise,0.75,8
SM-gto-r1,SM,GTO,1,2,J2/C1/apres_check,1.0,1
AE-over-folder-r1,AE,Over-folder,1,0,J1/C2/ouverture,0.6363636363636364,22
AE-over-folder-r1,AE,Over-folder,1,0,J2/C0/apres_check,0.047619047619047616,21
AE-over-folder-r1,AE,Over-folder,1,0,J2/C2/apres_check,0.5357142857142857,28
AE-over-folder-r1,AE,Over-folder,1,0,J1/C1/ouverture,0.391304347826087,23
AE-over-folder-r1,AE,Over-folder,1,0,J2/C1/apres_check,0.19230769230769232,26
AE-over-folder-r1,AE,Over-folder,1,0,J1/C0/ouverture,0.3333333333333333,30
AE-over-folder-r1,AE,Over-folder,1,1,J1/C0/ouverture,1.0,25
AE-over-folder-r1,AE,Over-folder,1,1,J2/C1/apres_check,1.0,20
AE-over-folder-r1,AE,Over-folder,1,1,J1/C1/ouverture,1.0,25
AE-over-folder-r1,AE,Over-folder,1,1,J2/C0/apres_check,1.0,25
AE-over-folder-r1,AE,Over-folder,1,1,J2/C2/apres_check,1.0,30
AE-over-folder-r1,AE,Over-folder,1,1,J1/C2/ouverture,1.0,25
AE-over-folder-r1,AE,Over-folder,1,2,J1/C0/ouverture,1.0,25
AE-over-folder-r1,AE,Over-folder,1,2,J2/C0/apres_check,1.0,33
AE-over-folder-r1,AE,Over-folder,1,2,J1/C1/ouverture,1.0,26
AE-over-folder-r1,AE,Over-folder,1,2,J2/C1/apres_check,1.0,12
AE-over-folder-r1,AE,Over-folder,1,2,J1/C2/ouverture,1.0,24
AE-over-folder-r1,AE,Over-folder,1,2,J2/C2/apres_check,1.0,30
AE-over-folder-r1,AE,Over-folder,1,3,J1/C2/ouverture,1.0,27
AE-over-folder-r1,AE,Over-folder,1,3,J2/C2/apres_check,1.0,25
AE-over-folder-r1,AE,Over-folder,1,3,J1/C0/ouverture,1.0,24
AE-over-folder-r1,AE,Over-folder,1,3,J2/C1/apres_check,1.0,24
AE-over-folder-r1,AE,Over-folder,1,3,J1/C1/ouverture,1.0,24
AE-over-folder-r1,AE,Over-folder,1,3,J2/C0/apres_check,1.0,26
AE-over-folder-r1,AE,Over-folder,1,4,J1/C2/ouverture,1.0,26
AE-over-folder-r1,AE,Over-folder,1,4,J2/C0/apres_check,1.0,29
AE-over-folder-r1,AE,Over-folder,1,4,J1/C0/ouverture,1.0,24
AE-over-folder-r1,AE,Over-folder,1,4,J2/C2/apres_check,1.0,20
AE-over-folder-r1,AE,Over-folder,1,4,J1/C1/ouverture,1.0,25
AE-over-folder-r1,AE,Over-folder,1,4,J2/C1/apres_check,1.0,26
AE-over-folder-r1,AE,Over-folder,1,5,J1/C2/ouverture,1.0,23
AE-over-folder-r1,AE,Over-folder,1,5,J2/C1/apres_check,1.0,27
AE-over-folder-r1,AE,Over-folder,1,5,J1/C1/ouverture,1.0,25
AE-over-folder-r1,AE,Over-folder,1,5,J1/C0/ouverture,1.0,27
AE-over-folder-r1,AE,Over-folder,1,5,J2/C2/apres_check,1.0,25
AE-over-folder-r1,AE,Over-folder,1,5,J2/C0/apres_check,1.0,23
AE-over-folder-r1,AE,Over-folder,1,6,J1/C0/ouverture,1.0,25
AE-over-folder-r1,AE,Over-folder,1,6,J2/C2/apres_check,1.0,21
AE-over-folder-r1,AE,Over-folder,1,6,J2/C0/apres_check,1.0,32
AE-over-folder-r1,AE,Over-folder,1,6,J1/C2/ouverture,1.0,25
AE-over-folder-r1,AE,Over-folder,1,6,J1/C1/ouverture,1.0,25
AE-over-folder-r1,AE,Over-folder,1,6,J2/C1/apres_check,1.0,22
AE-over-folder-r1,AE,Over-folder,1,7,J1/C0/ouverture,1.0,29
AE-over-folder-r1,AE,Over-folder,1,7,J2/C1/apres_check,1.0,20
AE-over-folder-r1,AE,Over-folder,1,7,J2/C2/apres_check,1.0,22
AE-over-folder-r1,AE,Over-folder,1,7,J1/C1/ouverture,1.0,24
AE-over-folder-r1,AE,Over-folder,1,7,J1/C2/ouverture,1.0,22
AE-over-folder-r1,AE,Over-folder,1,7,J2/C0/apres_check,1.0,33
AE-over-folder-r1,AE,Over-folder,1,8,J1/C2/ouverture,1.0,26
AE-over-folder-r1,AE,Over-folder,1,8,J2/C1/apres_check,1.0,28
AE-over-folder-r1,AE,Over-folder,1,8,J1/C1/ouverture,1.0,23
AE-over-folder-r1,AE,Over-folder,1,8,J2/C0/apres_check,1.0,30
AE-over-folder-r1,AE,Over-folder,1,8,J2/C2/apres_check,1.0,17
AE-over-folder-r1,AE,Over-folder,1,8,J1/C0/ouverture,1.0,26
AE-over-folder-r1,AE,Over-folder,1,9,J1/C2/ouverture,1.0,25
AE-over-folder-r1,AE,Over-folder,1,9,J2/C1/apres_check,1.0,23
AE-over-folder-r1,AE,Over-folder,1,9,J1/C0/ouverture,1.0,36
AE-over-folder-r1,AE,Over-folder,1,9,J1/C1/ouverture,1.0,14
AE-over-folder-r1,AE,Over-folder,1,9,J2/C0/apres_check,1.0,25
AE-over-folder-r1,AE,Over-folder,1,9,J2/C2/apres_check,1.0,27
