run_id,condition,bot,replication,session,taille_m_s,taille_m_s1,entrees_m_s,entrees_m_s1,ajouts,suppressions,elagages,overflows,n_flags_deobf
AE-station-r3,AE,Station,3,0,0,695,0,1,1,0,0,0,1
AE-station-r3,AE,Station,3,1,695,695,1,1,0,0,0,0,1
AE-station-r3,AE,Station,3,2,695,695,1,1,0,0,0,0,1
AE-station-r3,AE,Station,3,3,695,890,1,1,1,1,0,0,1
AE-station-r3,AE,Station,3,4,890,770,1,1,1,1,0,0,0
AE-station-r3,AE,Station,3,5,770,729,1,1,1,1,0,0,0
AE-station-r3,AE,Station,3,6,729,753,1,1,1,1,0,0,0
AE-station-r3,AE,Station,3,7,753,810,1,1,1,1,0,0,0
AE-station-r3,AE,Station,3,8,810,665,1,1,1,1,0,0,0
AE-station-r3,AE,Station,3,9,665,707,1,1,1,1,0,0,0
AE-station-r1,AE,Station,1,0,0,615,0,1,1,0,0,0,0
AE-station-r1,AE,Station,1,1,615,811,1,1,1,1,0,0,0
AE-station-r1,AE,Station,1,2,811,897,1,1,1,1,0,0,0
AE-station-r1,AE,Station,1,3,897,795,1,1,1,1,0,0,0
AE-station-r1,AE,Station,1,4,795,867,1,1,1,1,0,0,0
AE-station-r1,AE,Station,1,5,867,792,1,1,1,1,0,0,0
AE-station-r1,AE,Station,1,6,792,807,1,1,1,1,0,0,0
AE-station-r1,AE,Station,1,7,807,935,1,2,2,1,0,0,0
AE-station-r1,AE,Station,1,8,935,1036,2,2,1,1,0,0,0
AE-station-r1,AE,Station,1,9,1036,1557,2,2,1,1,0,0,0
AE-over-folder-r3,AE,Over-folder,3,0,0,685,0,1,1,0,0,0,0
AE-over-folder-r3,AE,Over-folder,3,1,685,589,1,1,1,1,0,0,0
AE-over-folder-r3,AE,Over-folder,3,2,589,590,1,1,1,1,0,0,0
AE-over-folder-r3,AE,Over-folder,3,3,590,674,1,1,1,1,0,0,0
AE-over-folder-r3,AE,Over-folder,3,4,674,607,1,1,1,1,0,0,0
AE-over-folder-r3,AE,Over-folder,3,5,607,607,1,1,0,0,0,0,0
AE-over-folder-r3,AE,Over-folder,3,6,607,504,1,1,1,1,0,0,0
AE-over-folder-r3,AE,Over-folder,3,7,504,504,1,1,0,0,0,0,0
AE-over-folder-r3,AE,Over-folder,3,8,504,506,1,1,1,1,0,0,0
AE-over-folder-r3,AE,Over-folder,3,9,506,525,1,1,1,1,0,0,0
AE-station-r2,AE,Station,2,0,0,1056,0,1,1,0,0,0,0
AE-station-r2,AE,Station,2,1,1056,777,1,1,1,1,0,0,0
AE-station-r2,AE,Station,2,2,777,923,1,1,1,1,0,0,0
AE-station-r2,AE,Station,2,3,923,927,1,1,1,1,0,0,0
AE-station-r2,AE,Station,2,4,927,684,1,1,1,1,0,0,0
AE-station-r2,AE,Station,2,5,684,686,1,1,1,1,0,0,0
AE-station-r2,AE,Station,2,6,686,795,1,2,2,1,0,0,0
AE-station-r2,AE,Station,2,7,795,659,2,1,0,1,1,0,0
AE-station-r2,AE,Station,2,8,659,589,1,1,1,1,0,0,0
AE-station-r2,AE,Station,2,9,589,630,1,1,1,1,0,0,0
AE-gto-r2,AE,GTO,2,0,0,1110,0,1,1,0,0,0,0
AE-gto-r2,AE,GTO,2,1,1110,762,1,1,1,1,0,0,0
AE-gto-r2,AE,GTO,2,2,762,839,1,1,1,1,0,0,0
AE-gto-r2,AE,GTO,2,3,839,1681,1,2,1,0,0,0,0
AE-gto-r2,AE,GTO,2,4,1681,1902,2,2,1,1,0,0,0
AE-gto-r2,AE,GTO,2,5,1902,1224,2,1,1,2,1,0,0
AE-gto-r2,AE,GTO,2,6,1224,1149,1,1,1,1,0,0,0
AE-gto-r2,AE,GTO,2,7,1149,1122,1,1,1,1,0,0,0
AE-gto-r2,AE,GTO,2,8,1122,1265,1,1,1,1,0,0,0
AE-gto-r2,AE,GTO,2,9,1265,1044,1,1,1,1,0,0,0
AE-over-folder-r2,AE,Over-folder,2,0,0,569,0,1,1,0,0,0,0
AE-over-folder-r2,AE,Over-folder,2,1,569,462,1,1,1,1,0,0,0
AE-over-folder-r2,AE,Over-folder,2,2,462,419,1,1,1,1,0,0,0
AE-over-folder-r2,AE,Over-folder,2,3,419,419,1,1,0,0,0,0,0
AE-over-folder-r2,AE,Over-folder,2,4,419,419,1,1,0,0,0,0,0
AE-over-folder-r2,AE,Over-folder,2,5,419,387,1,1,1,1,0,0,0
AE-over-folder-r2,AE,Over-folder,2,6,387,402,1,1,1,1,0,0,0
AE-over-folder-r2,AE,Over-folder,2,7,402,402,1,1,0,0,0,0,0
AE-over-folder-r2,AE,Over-folder,2,8,402,402,1,1,0,0,0,0,0
AE-over-folder-r2,AE,Over-folder,2,9,402,395,1,1,1,1,0,0,0
AE-gto-r1,AE,GTO,1,0,0,1319,0,1,1,0,0,0,3
AE-gto-r1,AE,GTO,1,1,1319,1538,1,1,1,1,0,0,2
AE-gto-r1,AE,GTO,1,2,1538,1469,1,1,1,1,0,0,0
AE-gto-r1,AE,GTO,1,3,1469,1485,1,1,1,1,0,0,0
AE-gto-r1,AE,GTO,1,4,1485,1470,1,1,1,1,0,0,0
AE-gto-r1,AE,GTO,1,5,1470,1906,1,1,1,1,0,0,0
AE-gto-r1,AE,GTO,1,6,1906,1830,1,1,1,1,0,0,1
AE-gto-r1,AE,GTO,1,7,1830,1332,1,1,1,1,0,0,1
AE-gto-r1,AE,GTO,1,8,1332,1461,1,1,1,1,0,0,0
AE-gto-r1,AE,GTO,1,9,1461,1561,1,1,1,1,0,0,0
AE-gto-r3,AE,GTO,3,0,0,1359,0,1,1,0,0,0,0
AE-gto-r3,AE,GTO,3,1,1359,1389,1,1,1,1,0,0,0
AE-gto-r3,AE,GTO,3,2,1389,1635,1,1,1,1,0,0,0
AE-gto-r3,AE,GTO,3,3,1635,680,1,1,1,1,0,0,0
AE-gto-r3,AE,GTO,3,4,680,1105,1,1,1,1,0,0,0
AE-gto-r3,AE,GTO,3,5,1105,1122,1,1,1,1,0,0,0
AE-gto-r3,AE,GTO,3,6,1122,1227,1,1,1,1,0,0,0
AE-gto-r3,AE,GTO,3,7,1227,1219,1,1,1,1,0,0,0
AE-gto-r3,AE,GTO,3,8,1219,1357,1,1,1,1,0,0,0
AE-gto-r3,AE,GTO,3,9,1357,1551,1,1,1,1,0,0,0
AE-over-folder-r1,AE,Over-folder,1,0,0,595,0,1,1,0,0,0,0
AE-over-folder-r1,AE,Over-folder,1,1,595,492,1,1,1,1,0,0,0
AE-over-folder-r1,AE,Over-folder,1,2,492,350,1,1,1,1,0,0,0
AE-over-folder-r1,AE,Over-folder,1,3,350,359,1,1,1,1,0,0,0
AE-over-folder-r1,AE,Over-folder,1,4,359,333,1,1,1,1,0,0,0
AE-over-folder-r1,AE,Over-folder,1,5,333,393,1,1,1,1,0,0,0
AE-over-folder-r1,AE,Over-folder,1,6,393,393,1,1,0,0,0,0,0
AE-over-folder-r1,AE,Over-folder,1,7,393,367,1,1,1,1,0,0,0
AE-over-folder-r1,AE,Over-folder,1,8,367,367,1,1,0,0,0,0,0
AE-over-folder-r1,AE,Over-folder,1,9,367,377,1,1,1,1,0,0,0
