run_id,condition,bot,replication,machine,graine,K,series_jouees,plateau_declare_a,version_arene,canari_reel,canari_ecriture_confirmee,canari_ecriture_bloquee_en_manche,integrite_ok,integrite_anomalies,series_controlees,tours_controles,decisions,actions_par_defaut,relances,erreurs_harnais,ecritures_intra_serie,gel_rompu,tokens_in,tokens_out,tokens_raisonnement,tokens_cache_ecrits,cout_usd,demarre_le,maj_le,dossier
AE-gto-r1,AE,GTO,1,victus,arene-kuhn-2026,150,10,7,0.3.0,True,True,True,True,aucune,10,1709,1709,0,0,0,0,0,5208,383147,295782,3327000,1.253895,2026-08-22T10:58:22.738+00:00,2026-08-22T15:23:04.165+00:00,run-af6e4affa4ac
AE-gto-r2,AE,GTO,2,victus,arene-kuhn-2026,150,10,7,0.3.0,True,True,True,True,aucune,10,1665,1665,0,0,0,0,0,5064,335357,260884,3134138,1.155048,2026-08-22T15:23:36.268+00:00,2026-08-22T19:09:42.674+00:00,run-98820576f4be
AE-gto-r3,AE,GTO,3,victus,arene-kuhn-2026,150,10,7,0.3.0,True,True,True,True,aucune,10,1685,1685,0,0,0,0,0,5121,418107,336496,3176347,1.263005,2026-08-22T19:05:54.527+00:00,2026-08-22T23:00:17.346+00:00,run-d26d5466e5d5
AE-over-folder-r1,AE,Over-folder,1,victus,arene-kuhn-2026,150,10,7,0.3.0,True,True,True,True,aucune,10,1500,1500,0,0,0,0,0,4572,156103,96730,2555752,0.815134,2026-08-22T10:57:48.818+00:00,2026-08-22T14:28:32.456+00:00,run-fd21a5b1333b
AE-over-folder-r2,AE,Over-folder,2,victus,arene-kuhn-2026,150,10,7,0.3.0,True,True,True,True,aucune,10,1500,1500,0,0,0,0,0,4560,184196,119078,2575017,0.855725,2026-08-22T10:59:21.920+00:00,2026-08-22T16:08:38.002+00:00,run-9c0a17d3bd40
AE-over-folder-r3,AE,Over-folder,3,victus,arene-kuhn-2026,150,10,7,0.3.0,True,True,True,True,aucune,10,1500,1500,0,0,0,0,0,4563,180818,116745,2616533,0.861363,2026-08-22T16:09:01.307+00:00,2026-08-22T19:05:33.759+00:00,run-6b5bdac0b5a9
AE-station-r1,AE,Station,1,victus,arene-kuhn-2026,150,10,7,0.3.0,True,True,True,True,aucune,10,1500,1500,0,0,0,0,0,4590,318258,231959,2720452,1.024904,2026-08-22T10:57:23.716+00:00,2026-08-22T14:36:47.133+00:00,run-071fde37e32d
AE-station-r2,AE,Station,2,victus,arene-kuhn-2026,150,10,7,0.3.0,True,True,True,True,aucune,10,1500,1500,0,0,0,0,0,4566,262981,186647,2701467,0.965363,2026-08-22T10:58:57.855+00:00,2026-08-22T16:08:04.372+00:00,run-6f00c93a007e
AE-station-r3,AE,Station,3,victus,arene-kuhn-2026,150,10,7,0.3.0,True,True,True,True,aucune,10,1500,1500,0,0,0,0,0,4575,299563,220760,2682983,0.995998,2026-08-22T16:08:32.334+00:00,2026-08-22T19:25:48.874+00:00,run-016e336ea398
ICL-over-folder-r1,ICL,Over-folder,1,victus,arene-kuhn-2026,150,10,7,0.3.0,True,True,True,True,aucune,10,1500,1500,0,0,0,0,0,4500,308189,266739,17374852,4.714451,2026-08-23T19:38:21.732+00:00,2026-08-23T23:07:28.326+00:00,run-9d4ed56450b3
ICL-over-folder-r2,ICL,Over-folder,2,victus,arene-kuhn-2026,150,10,7,0.3.0,True,True,True,True,aucune,10,1500,1500,0,0,0,0,0,4500,295869,254195,17395617,4.704835,2026-08-23T23:07:55.933+00:00,2026-08-24T02:24:03.060+00:00,run-79c4f6d336f6
ICL-over-folder-r3,ICL,Over-folder,3,victus,arene-kuhn-2026,150,10,7,0.3.0,True,True,True,True,aucune,10,1500,1500,0,0,0,0,0,4500,280746,239353,17376983,4.68202,2026-08-24T00:41:40.753+00:00,2026-08-24T03:55:40.833+00:00,run-3d46db548e09
ICL-station-r1,ICL,Station,1,victus,arene-kuhn-2026,150,10,7,0.3.0,True,True,True,True,aucune,10,1500,1500,0,0,0,0,0,4500,852293,820722,22563502,6.664524,2026-08-23T19:37:51.302+00:00,2026-08-24T00:36:54.141+00:00,run-f1060d1c067d
ICL-station-r2,ICL,Station,2,victus,arene-kuhn-2026,150,10,7,0.3.0,True,True,True,True,aucune,10,1500,1500,0,0,0,0,0,4500,866655,834475,22611717,6.693801,2026-08-23T19:38:46.893+00:00,2026-08-24T00:41:23.819+00:00,run-dac350fe321b
ICL-station-r3,ICL,Station,3,victus,arene-kuhn-2026,150,10,7,0.3.0,True,True,True,True,aucune,10,1500,1500,0,0,0,0,0,4500,981227,948706,22490033,6.800853,2026-08-24T00:37:16.435+00:00,2026-08-24T05:48:56.256+00:00,run-a483c5985d85
SM-gto-r1,SM,GTO,1,victus,arene-kuhn-2026,150,3,,0.3.0,True,True,True,True,aucune,3,507,507,0,0,0,0,0,1521,201155,188104,816031,0.445687,2026-08-22T20:33:12.486+00:00,2026-08-22T21:59:30.139+00:00,run-f12ae32ee80b
SM-gto-r2,SM,GTO,2,victus,arene-kuhn-2026,150,3,,0.3.0,True,True,True,True,aucune,3,509,509,0,0,0,0,0,1527,187616,174809,822324,0.431026,2026-08-22T22:06:45.207+00:00,2026-08-22T23:29:42.812+00:00,run-0fc3b85a8b53
SM-gto-r3,SM,GTO,3,victus,arene-kuhn-2026,150,3,,0.3.0,True,True,True,True,aucune,3,515,515,0,0,0,0,0,1545,200726,185889,829350,0.448544,2026-08-22T23:30:00.889+00:00,2026-08-23T00:55:58.493+00:00,run-5c9a09149e90
SM-over-folder-r1,SM,Over-folder,1,victus,arene-kuhn-2026,150,3,,0.3.0,True,True,True,True,aucune,3,450,450,0,0,0,0,0,1350,193114,182029,723625,0.412945,2026-08-22T19:26:10.782+00:00,2026-08-22T20:46:32.573+00:00,run-958cccaf1d0b
SM-over-folder-r2,SM,Over-folder,2,victus,arene-kuhn-2026,150,3,,0.3.0,True,True,True,True,aucune,3,450,450,0,0,0,0,0,1350,198210,188103,725261,0.419449,2026-08-22T22:00:02.922+00:00,2026-08-22T23:21:03.321+00:00,run-ac7c99a48a57
SM-over-folder-r3,SM,Over-folder,3,victus,arene-kuhn-2026,150,3,,0.3.0,True,True,True,True,aucune,3,450,450,0,0,0,0,0,1357,193027,183840,724537,0.413073,2026-08-22T23:21:29.863+00:00,2026-08-23T00:39:13.669+00:00,run-611aa98d3d4a
SM-station-r1,SM,Station,1,victus,arene-kuhn-2026,150,3,,0.3.0,True,True,True,True,aucune,3,450,450,0,0,0,0,0,1350,197885,189610,724341,0.418811,2026-08-22T19:10:12.426+00:00,2026-08-22T20:32:43.287+00:00,run-002335426b4e
SM-station-r2,SM,Station,2,victus,arene-kuhn-2026,150,3,,0.3.0,True,True,True,True,aucune,3,450,450,0,0,0,0,0,1350,182000,171322,722561,0.399304,2026-08-22T20:47:00.480+00:00,2026-08-22T22:06:13.846+00:00,run-dd612ee13934
SM-station-r3,SM,Station,3,victus,arene-kuhn-2026,150,3,,0.3.0,True,True,True,True,aucune,3,450,450,0,0,0,0,0,1350,204468,193642,723640,0.426572,2026-08-22T23:00:49.026+00:00,2026-08-23T00:19:51.476+00:00,run-1f35296398b8
